Date,Real,Naive,LinearRegression
2023-10-08,27935.08984375,27968.83984375,27959.847286163495
2023-10-09,27583.677734375,27935.08984375,27931.168241723404
2023-10-10,27391.01953125,27583.677734375,27577.293589660898
2023-10-11,26873.3203125,27391.01953125,27378.200572248898
2023-10-12,26756.798828125,26873.3203125,26859.686907815085
2023-10-13,26862.375,26756.798828125,26735.59475113369
2023-10-14,26861.70703125,26862.375,26842.007060863216
2023-10-15,27159.65234375,26861.70703125,26841.73620812227
2023-10-16,28519.466796875,27159.65234375,27147.000199553095
2023-10-17,28415.748046875,28519.466796875,28523.320785877113
2023-10-18,28328.341796875,28415.748046875,28424.717434453905
2023-10-19,28719.806640625,28328.341796875,28337.793592607908
2023-10-20,29682.94921875,28719.806640625,28732.08211086802
2023-10-21,29918.412109375,29682.94921875,29705.28999201658
2023-10-22,29993.896484375,29918.412109375,29939.64430825635
2023-10-23,33086.234375,29993.896484375,29999.635753069404
2023-10-24,33901.52734375,33086.234375,33125.50621533228
2023-10-25,34502.8203125,33901.52734375,33950.3591386689
2023-10-26,34156.6484375,34502.8203125,34553.24387976318
2023-10-27,33909.80078125,34156.6484375,34191.92544480664
2023-10-28,34089.57421875,33909.80078125,33939.68094832459
2023-10-29,34538.48046875,34089.57421875,34120.42783231784
2023-10-30,34502.36328125,34538.48046875,34536.99686794103
2023-10-31,34667.78125,34502.36328125,34490.740979926406
2023-11-01,35437.25390625,34667.78125,34650.68695058671
2023-11-02,34938.2421875,35437.25390625,35432.33931612129
2023-11-03,34732.32421875,34938.2421875,34931.07235248355
2023-11-04,35082.1953125,34732.32421875,34720.85171217668
2023-11-05,35049.35546875,35082.1953125,35069.00143663799
2023-11-06,35037.37109375,35049.35546875,35036.25110697792
2023-11-07,35443.5625,35037.37109375,35022.16102836423
2023-11-08,35655.27734375,35443.5625,35423.381008508855
2023-11-09,36693.125,35655.27734375,35643.28131757478
2023-11-10,37313.96875,36693.125,36694.431832785805
2023-11-11,37138.05078125,37313.96875,37317.569512662616
2023-11-12,37054.51953125,37138.05078125,37140.207771019224
2023-11-13,36502.35546875,37054.51953125,37055.947762653144
2023-11-14,35537.640625,36502.35546875,36493.154547742764
2023-11-15,37880.58203125,35537.640625,35515.83110443217
2023-11-16,36154.76953125,37880.58203125,37870.81169888451
2023-11-17,36596.68359375,36154.76953125,36119.54455443395
2023-11-18,36585.703125,36596.68359375,36568.17943970939
2023-11-19,37386.546875,36585.703125,36558.08443632609
2023-11-20,37476.95703125,37386.546875,37373.901836669866
2023-11-21,35813.8125,37476.95703125,37476.8066685537
2023-11-22,37432.33984375,35813.8125,35768.24308992654
2023-11-23,37289.62109375,37432.33984375,37424.33465389981
2023-11-24,37720.28125,37289.62109375,37274.8345421564
2023-11-25,37796.79296875,37720.28125,37710.1231979374
2023-11-26,37479.12109375,37796.79296875,37777.84530864393
2023-11-27,37254.16796875,37479.12109375,37455.77376067969
2023-11-28,37831.0859375,37254.16796875,37248.384578466066
2023-11-29,37858.4921875,37831.0859375,37811.94808830231
2023-11-30,37712.74609375,37858.4921875,37841.34930056846
2023-12-01,38688.75,37712.74609375,37688.924976804235
2023-12-02,39476.33203125,38688.75,38674.2044086698
2023-12-03,39978.390625,39476.33203125,39473.81401805741
2023-12-04,41980.09765625,39978.390625,39983.80857570835
2023-12-05,44080.6484375,41980.09765625,41999.510308035344
2023-12-06,43746.4453125,44080.6484375,44121.66727567815
2023-12-07,43292.6640625,43746.4453125,43785.71937039766
2023-12-08,44166.6015625,43292.6640625,43315.51389472731
2023-12-09,43725.984375,44166.6015625,44189.14743139308
2023-12-10,43779.69921875,43725.984375,43737.91805931897
2023-12-11,41243.83203125,43779.69921875,43768.22722786524
2023-12-12,41450.22265625,41243.83203125,41180.73002796122
2023-12-13,42890.7421875,41450.22265625,41393.27725728316
2023-12-14,43023.97265625,42890.7421875,42854.27210254189
2023-12-15,41929.7578125,43023.97265625,42978.43007401646
2023-12-16,42240.1171875,41929.7578125,41878.064784771064
2023-12-17,41364.6640625,42240.1171875,42191.0218558382
2023-12-18,42623.5390625,41364.6640625,41336.78920543108
2023-12-19,42270.52734375,42623.5390625,42606.338472085714
2023-12-20,43652.25,42270.52734375,42232.39310362747
2023-12-21,43869.15234375,43652.25,43626.94877506866
2023-12-22,43997.90234375,43869.15234375,43859.21716063031
2023-12-23,43739.54296875,43997.90234375,43985.59563692178
2023-12-24,43016.1171875,43739.54296875,43735.02028767763
2023-12-25,43613.140625,43016.1171875,42988.96776986211
2023-12-26,42520.40234375,43613.140625,43596.45206527789
2023-12-27,43442.85546875,42520.40234375,42475.75975754069
2023-12-28,42627.85546875,43442.85546875,43405.24831486397
2023-12-29,42099.40234375,42627.85546875,42580.196407964046
2023-12-30,42156.90234375,42099.40234375,42049.31843629322
2023-12-31,42265.1875,42156.90234375,42116.080487807485
2024-01-01,44167.33203125,42265.1875,42218.34817441007
2024-01-02,44957.96875,44167.33203125,44153.43866589201
2024-01-03,42848.17578125,44957.96875,44941.28675897127
2024-01-04,44179.921875,42848.17578125,42819.22100907597
2024-01-05,44162.69140625,44179.921875,44171.2006367986
2024-01-06,43989.1953125,44162.69140625,44153.10179301161
2024-01-07,43943.09765625,43989.1953125,43976.49751674403
2024-01-08,46970.50390625,43943.09765625,43907.143994105274
2024-01-09,46139.73046875,46970.50390625,46956.69660888854
2024-01-10,46627.77734375,46139.73046875,46142.50878344549
2024-01-11,46368.5859375,46627.77734375,46619.706843340144
2024-01-12,42853.16796875,46368.5859375,46358.015216099484
2024-01-13,42842.3828125,42853.16796875,42807.96591087568
2024-01-14,41796.26953125,42842.3828125,42797.62006450327
2024-01-15,42511.96875,41796.26953125,41704.33574111209
2024-01-16,43154.9453125,42511.96875,42437.45532502193
2024-01-17,42742.65234375,43154.9453125,43081.302544072736
2024-01-18,41262.05859375,42742.65234375,42667.80765554424
2024-01-19,41618.40625,41262.05859375,41213.8436230143
2024-01-20,41665.5859375,41618.40625,41574.041456018495
2024-01-21,41545.78515625,41665.5859375,41634.23898799721
2024-01-22,39507.3671875,41545.78515625,41504.618110101685
2024-01-23,39845.55078125,39507.3671875,39437.216217552246
2024-01-24,40077.07421875,39845.55078125,39783.86759618363
2024-01-25,39933.80859375,40077.07421875,40035.53589260207
2024-01-26,41816.87109375,39933.80859375,39886.507687724144
2024-01-27,42120.0546875,41816.87109375,41788.6685742448
2024-01-28,42035.59375,42120.0546875,42096.45244772232
2024-01-29,43288.24609375,42035.59375,42035.515671833644
2024-01-30,42952.609375,43288.24609375,43297.199337935774
2024-01-31,42582.60546875,42952.609375,42955.28579517875
2024-02-01,43075.7734375,42582.60546875,42583.133571727674
2024-02-02,43185.859375,43075.7734375,43058.9052517219
2024-02-03,42992.25,43185.859375,43166.510688186485
2024-02-04,42583.58203125,42992.25,42971.89086637975
2024-02-05,42658.66796875,42583.58203125,42543.9574221794
2024-02-06,43084.671875,42658.66796875,42623.84602171437
2024-02-07,44318.22265625,43084.671875,43058.728418267136
2024-02-08,45301.56640625,44318.22265625,44299.255421454305
2024-02-09,47147.19921875,45301.56640625,45291.54935460218
2024-02-10,47771.27734375,47147.19921875,47158.772690101534
2024-02-11,48293.91796875,47771.27734375,47794.26055894173
2024-02-12,49958.22265625,48293.91796875,48321.45968085329
2024-02-13,49742.44140625,49958.22265625,49998.042758784075
2024-02-14,51826.6953125,49742.44140625,49765.23889492765
2024-02-15,51938.5546875,51826.6953125,51859.48330768274
2024-02-16,52160.203125,51938.5546875,51950.41285026248
2024-02-17,51662.99609375,52160.203125,52166.903649953434
2024-02-18,52122.546875,51662.99609375,51658.24708289087
2024-02-19,51779.14453125,52122.546875,52102.6697410018
2024-02-20,52284.875,51779.14453125,51758.26509281297
2024-02-21,51839.1796875,52284.875,52244.32157419734
2024-02-22,51304.97265625,51839.1796875,51792.632932361514
2024-02-23,50731.94921875,51304.97265625,51250.19380478156
2024-02-24,51571.1015625,50731.94921875,50677.139848828716
2024-02-25,51733.23828125,51571.1015625,51519.552537061434
2024-02-26,54522.40234375,51733.23828125,51687.49389588119
2024-02-27,57085.37109375,54522.40234375,54499.72775805284
2024-02-28,62504.7890625,57085.37109375,57094.79582212426
2024-02-29,61198.3828125,62504.7890625,62577.200410467674
2024-03-01,62440.6328125,61198.3828125,61264.01328380802
2024-03-02,62029.84765625,62440.6328125,62509.187849955815
2024-03-03,63167.37109375,62029.84765625,62092.17192833114
2024-03-04,68330.4140625,63167.37109375,63208.178735059046
2024-03-05,63801.19921875,68330.4140625,68394.44851290192
2024-03-06,66106.8046875,63801.19921875,63753.05174376518
2024-03-07,66925.484375,66106.8046875,66098.37444451112
2024-03-08,68300.09375,66925.484375,66910.7293861422
2024-03-09,68498.8828125,68300.09375,68304.6110344561
2024-03-10,69019.7890625,68498.8828125,68491.8562416804
2024-03-11,72123.90625,69019.7890625,68956.38442060829
2024-03-12,71481.2890625,72123.90625,72147.14394849463
2024-03-13,73083.5,71481.2890625,71470.21126662375
2024-03-14,71396.59375,73083.5,73079.35066664824
2024-03-15,69403.7734375,71396.59375,71358.37115079777
2024-03-16,65315.1171875,69403.7734375,69342.36134060177
2024-03-17,68390.625,65315.1171875,65204.773771736895
2024-03-18,67548.59375,68390.625,68275.23077426032
2024-03-19,61912.7734375,67548.59375,67432.10098432454
2024-03-20,67913.671875,61912.7734375,61718.24705685443
2024-03-21,65491.390625,67913.671875,67802.00538253279
2024-03-22,63778.76171875,65491.390625,65378.29041652208
2024-03-23,64062.203125,63778.76171875,63696.73169666987
2024-03-24,67234.171875,64062.203125,63946.30958301412
2024-03-25,69958.8125,67234.171875,67161.48229022078
2024-03-26,69987.8359375,69958.8125,69982.05215705199
2024-03-27,69455.34375,69987.8359375,69939.52949523114
2024-03-28,70744.953125,69455.34375,69430.47906898292
2024-03-29,69892.828125,70744.953125,70754.06019645096
2024-03-30,69645.3046875,69892.828125,69889.64349294433
2024-03-31,71333.6484375,69645.3046875,69601.5571731997
2024-04-01,69702.1484375,71333.6484375,71274.90859921725
2024-04-02,65446.97265625,69702.1484375,69626.0246876525
2024-04-03,65980.8125,65446.97265625,65332.79117259853
2024-04-04,68508.84375,65980.8125,65856.76488534744
2024-04-05,67837.640625,68508.84375,68421.39683628664
2024-04-06,68896.109375,67837.640625,67746.14850441221
2024-04-07,69362.5546875,68896.109375,68795.45531744181
2024-04-08,71631.359375,69362.5546875,69286.30539553401
2024-04-09,69139.015625,71631.359375,71629.74885392093
2024-04-10,70587.8828125,69139.015625,69104.98790811033
2024-04-11,70060.609375,70587.8828125,70538.71613243381
2024-04-12,67195.8671875,70060.609375,70013.97317320832
2024-04-13,63821.47265625,67195.8671875,67106.64372169928
2024-04-14,65738.7265625,63821.47265625,63691.42838348573
2024-04-15,63426.2109375,65738.7265625,65601.5380409876
2024-04-16,63811.86328125,63426.2109375,63294.71572033743
2024-04-17,61276.69140625,63811.86328125,63667.04772828961
2024-04-18,63512.75390625,61276.69140625,61111.71622046319
2024-04-19,63843.5703125,63512.75390625,63405.427835165225
2024-04-20,64994.44140625,63843.5703125,63780.100541308144
2024-04-21,64926.64453125,64994.44140625,64920.03382277865
2024-04-22,66837.6796875,64926.64453125,64879.21690845684
2024-04-23,66407.2734375,66837.6796875,66805.58999040819
2024-04-24,64276.8984375,66407.2734375,66401.04314827033
2024-04-25,64481.70703125,64276.8984375,64221.64986603527
2024-04-26,63755.3203125,64481.70703125,64424.63621995029
2024-04-27,63419.140625,63755.3203125,63676.88498415332
2024-04-28,63113.23046875,63419.140625,63338.006585432646
2024-04-29,63841.12109375,63113.23046875,63006.021106591266
2024-04-30,60636.85546875,63841.12109375,63746.66577787062
2024-05-01,58254.01171875,60636.85546875,60534.44776919103
2024-05-02,59123.43359375,58254.01171875,58124.2697554224
2024-05-03,62889.8359375,59123.43359375,59011.46736546628
2024-05-04,63891.47265625,62889.8359375,62821.22425195583
2024-05-05,64031.1328125,63891.47265625,63836.982921940085
2024-05-06,63161.94921875,64031.1328125,63969.38635006803
2024-05-07,62334.81640625,63161.94921875,63129.49147864857
2024-05-08,61187.94140625,62334.81640625,62322.25154992543
2024-05-09,63049.9609375,61187.94140625,61152.99103050587
2024-05-10,60792.77734375,63049.9609375,62989.35870677155
2024-05-11,60793.7109375,60792.77734375,60696.61253725139
2024-05-12,61448.39453125,60793.7109375,60695.88371915515
2024-05-13,62901.44921875,61448.39453125,61367.81042952833
2024-05-14,61552.7890625,62901.44921875,62845.941489137804
2024-05-15,66267.4921875,61552.7890625,61496.92999743987
2024-05-16,65231.58203125,66267.4921875,66238.57080038734
2024-05-17,67051.875,65231.58203125,65218.86890027258
2024-05-18,66940.8046875,67051.875,67058.15851262219
2024-05-19,66278.3671875,66940.8046875,66938.08981282663
2024-05-20,71448.1953125,66278.3671875,66251.3375000239
2024-05-21,70136.53125,71448.1953125,71491.29748620192
2024-05-22,69122.3359375,70136.53125,70109.48733244684
2024-05-23,67929.5625,69122.3359375,69097.10463597674
2024-05-24,68526.1015625,67929.5625,67870.0815548393
2024-05-25,69265.9453125,68526.1015625,68474.17963633011
2024-05-26,68518.09375,69265.9453125,69229.680375275
2024-05-27,69394.5546875,68518.09375,68412.12090876876
2024-05-28,68296.21875,69394.5546875,69313.43865009453
2024-05-29,67578.09375,68296.21875,68215.77672400701
2024-05-30,68364.9921875,67578.09375,67504.43409346772
2024-05-31,67491.4140625,68364.9921875,68292.40706085088
2024-06-01,67706.9375,67491.4140625,67400.84867855333
2024-06-02,67751.6015625,67706.9375,67627.57672783892
2024-06-03,68804.78125,67751.6015625,67662.21325367328
2024-06-04,70567.765625,68804.78125,68739.54088126305
2024-06-05,71082.8203125,70567.765625,70529.53281107216
2024-06-06,70757.1640625,71082.8203125,71040.54420206088
2024-06-07,69342.5859375,70757.1640625,70721.9468024255
2024-06-08,69305.7734375,69342.5859375,69290.01692525111
2024-06-09,69647.9921875,69305.7734375,69252.28525673265
2024-06-10,69512.28125,69647.9921875,69585.46772314166
2024-06-11,67332.03125,69512.28125,69427.23133556155
2024-06-12,68241.1875,67332.03125,67218.0479939249
2024-06-13,66756.3984375,68241.1875,68140.59691905502
2024-06-14,66011.09375,66756.3984375,66657.24026677251
2024-06-15,66191.0,66011.09375,65904.59373429969
2024-06-16,66639.046875,66191.0,66082.28118873952
2024-06-17,66490.296875,66639.046875,66536.63152489571
2024-06-18,65140.74609375,66490.296875,66412.4325333352
2024-06-19,64960.296875,65140.74609375,65037.90411387285
2024-06-20,64828.65625,64960.296875,64873.34809336143
2024-06-21,64096.19921875,64828.65625,64749.25643760986
2024-06-22,64252.578125,64096.19921875,64006.9969304811
2024-06-23,63180.796875,64252.578125,64159.64427710573
2024-06-24,60277.4140625,63180.796875,63078.4522913825
2024-06-25,61804.640625,60277.4140625,60160.910105076066
2024-06-26,60811.27734375,61804.640625,61706.24476866792
2024-06-27,61604.80078125,60811.27734375,60704.08475429698
2024-06-28,60320.13671875,61604.80078125,61514.664062180214
2024-06-29,60887.37890625,60320.13671875,60214.71297467182
2024-06-30,62678.29296875,60887.37890625,60800.71091573098
2024-07-01,62851.98046875,62678.29296875,62645.08842095054
2024-07-02,62029.015625,62851.98046875,62802.30400855877
2024-07-03,60173.921875,62029.015625,61982.63922662044
2024-07-04,56977.703125,60173.921875,60098.67334875739
2024-07-05,56662.375,56977.703125,56884.460487106815
2024-07-06,58303.5390625,56662.375,56559.048020490205
2024-07-07,55849.109375,58303.5390625,58195.90667231421
2024-07-08,56705.09765625,55849.109375,55713.767822990056
2024-07-09,58009.2265625,56705.09765625,56588.54789981112
2024-07-10,57742.49609375,58009.2265625,57928.505915358786
2024-07-11,57344.9140625,57742.49609375,57697.2587453898
2024-07-12,57899.46484375,57344.9140625,57299.300537347146
2024-07-13,59231.953125,57899.46484375,57839.99226656898
2024-07-14,60787.79296875,59231.953125,59215.78168088178
2024-07-15,64870.15234375,60787.79296875,60777.61907363902
2024-07-16,65097.1484375,64870.15234375,64886.99274374013
2024-07-17,64118.79296875,65097.1484375,65119.55275304078
2024-07-18,63974.06640625,64118.79296875,64135.74140004207
2024-07-19,66710.15625,63974.06640625,63982.86390273181
2024-07-20,67163.6484375,66710.15625,66731.57050795727
2024-07-21,68154.5234375,67163.6484375,67171.16996439772
2024-07-22,67585.25,68154.5234375,68123.51348879204
2024-07-23,65927.671875,67585.25,67545.57775748339
2024-07-24,65372.1328125,65927.671875,65882.40482502453
2024-07-25,65777.2265625,65372.1328125,65322.797546265334
2024-07-26,67912.0625,65777.2265625,65699.36196622095
2024-07-27,67813.3359375,67912.0625,67851.06054573209
2024-07-28,68255.8671875,67813.3359375,67739.43924887222
2024-07-29,66819.9140625,68255.8671875,68193.4074383448
2024-07-30,66201.015625,66819.9140625,66762.30613268202
2024-07-31,64619.25,66201.015625,66143.59655525158
2024-08-01,65357.5,64619.25,64540.46363828071
2024-08-02,61415.06640625,65357.5,65260.86203892536
2024-08-03,60680.09375,61415.06640625,61278.442915205625
2024-08-04,58116.9765625,60680.09375,60530.497087397795
2024-08-05,53991.45703125,58116.9765625,57957.80814118179
2024-08-06,56034.31640625,53991.45703125,53796.61931759214
2024-08-07,55027.4609375,56034.31640625,55879.74917996043
2024-08-08,61710.13671875,55027.4609375,54853.54083036167
2024-08-09,60880.11328125,61710.13671875,61653.201322634515
2024-08-10,60945.8125,60880.11328125,60823.31051124412
2024-08-11,58719.484375,60945.8125,60920.384150165635
2024-08-12,59354.515625,58719.484375,58720.20343992353
2024-08-13,60609.56640625,59354.515625,59337.40650376911
2024-08-14,58737.26953125,60609.56640625,60617.617896918586
2024-08-15,57560.09765625,58737.26953125,58645.75803240072
2024-08-16,58894.10546875,57560.09765625,57466.23184754195
2024-08-17,59478.97265625,58894.10546875,58813.382984656164
2024-08-18,58483.96484375,59478.97265625,59431.01343774274
2024-08-19,59493.453125,58483.96484375,58418.012304868425
2024-08-20,59012.79296875,59493.453125,59423.0150327516
2024-08-21,61175.19140625,59012.79296875,58959.75287648679
2024-08-22,60381.9140625,61175.19140625,61158.82582079233
2024-08-23,64094.35546875,60381.9140625,60341.292767789484
2024-08-24,64178.9921875,64094.35546875,64085.49748991796
2024-08-25,64333.54296875,64178.9921875,64182.93129683043
2024-08-26,62880.66015625,64333.54296875,64327.00925251454
2024-08-27,59504.1328125,62880.66015625,62864.71015726593
2024-08-28,59027.625,59504.1328125,59427.03397265058
2024-08-29,59388.1796875,59027.625,58955.04834503843
2024-08-30,59119.4765625,59388.1796875,59274.91869371659
2024-08-31,58969.8984375,59119.4765625,59002.396361874795
2024-09-01,57325.48828125,58969.8984375,58849.40586853243
2024-09-02,59112.48046875,57325.48828125,57205.2199554095
2024-09-03,57431.0234375,59112.48046875,59051.29962453108
2024-09-04,57971.5390625,57431.0234375,57357.98978176074
2024-09-05,56160.48828125,57971.5390625,57899.83262073069
2024-09-06,53948.75390625,56160.48828125,56073.087727341466
2024-09-07,54139.6875,53948.75390625,53840.04893938108
2024-09-08,54841.56640625,54139.6875,54052.66493074204
2024-09-09,57019.53515625,54841.56640625,54740.477201230184
2024-09-10,57648.7109375,57019.53515625,56961.3208866438
2024-09-11,57343.171875,57648.7109375,57590.5950023121
2024-09-12,58127.01171875,57343.171875,57303.549281607775
2024-09-13,60571.30078125,58127.01171875,58122.05536669568
2024-09-14,60005.12109375,60571.30078125,60589.58206753765
2024-09-15,59182.8359375,60005.12109375,60009.08658733881
2024-09-16,58192.5078125,59182.8359375,59152.13801512477
2024-09-17,60308.5390625,58192.5078125,58143.93554380378
2024-09-18,61649.6796875,60308.5390625,60285.72100697881
2024-09-19,62940.45703125,61649.6796875,61631.4810918914
2024-09-20,63192.9765625,62940.45703125,62906.47132125161
2024-09-21,63394.83984375,63192.9765625,63168.40661427278
2024-09-22,63648.7109375,63394.83984375,63382.22306404341
2024-09-23,63329.80078125,63648.7109375,63650.602391055305
2024-09-24,64301.96875,63329.80078125,63303.02673166803
2024-09-25,63143.14453125,64301.96875,64269.28868215403
2024-09-26,65181.01953125,63143.14453125,63082.90925029595
2024-09-27,65790.6640625,65181.01953125,65139.04066837563
2024-09-28,65887.6484375,65790.6640625,65752.63429293313
2024-09-29,65635.3046875,65887.6484375,65847.59177999494
2024-09-30,63329.5,65635.3046875,65596.43134496405
2024-10-01,60837.0078125,63329.5,63254.90920297956
2024-10-02,60632.78515625,60837.0078125,60750.26465218407
2024-10-03,60759.40234375,60632.78515625,60519.509850108494
2024-10-04,62067.4765625,60759.40234375,60640.14988106007
2024-10-05,62089.94921875,62067.4765625,61960.722041930756
2024-10-06,62818.953125,62089.94921875,61986.450690605794
2024-10-07,62236.66015625,62818.953125,62750.674541903965
2024-10-08,62131.96875,62236.66015625,62192.143946181575
2024-10-09,60582.1015625,62131.96875,62088.804505548396
2024-10-10,60274.5,60582.1015625,60521.23733413024
2024-10-11,62445.08984375,60274.5,60194.76207959652
2024-10-12,63193.0234375,62445.08984375,62387.74854029016
2024-10-13,62851.375,63193.0234375,63134.7637754945
2024-10-14,66046.125,62851.375,62796.51961801762
2024-10-15,67041.109375,66046.125,66025.88324072011
2024-10-16,67612.71875,67041.109375,67049.81408457106
2024-10-17,67399.8359375,67612.71875,67631.0752404401
2024-10-18,68418.7890625,67399.8359375,67389.98084733289
2024-10-19,68362.734375,68418.7890625,68410.61900129184
2024-10-20,69001.703125,68362.734375,68358.06956091308
2024-10-21,67367.8515625,69001.703125,68965.45957563813
2024-10-22,67361.40625,67367.8515625,67302.63402980636
2024-10-23,66432.1953125,67361.40625,67289.2774960913
2024-10-24,68161.0546875,66432.1953125,66352.91243387054
2024-10-25,66642.4140625,68161.0546875,68087.62486925349
2024-10-26,67014.6953125,66642.4140625,66553.79747647794
2024-10-27,67929.296875,67014.6953125,66922.3157367054
2024-10-28,69907.7578125,67929.296875,67866.02994715398
2024-10-29,72720.4921875,69907.7578125,69865.22749434617
2024-10-30,72339.5390625,72720.4921875,72718.45844594097
2024-10-31,70215.1875,72339.5390625,72312.82758946055
2024-11-01,69482.46875,70215.1875,70184.47595970264
2024-11-02,69289.2734375,69482.46875,69439.64868188517
2024-11-03,68741.1171875,69289.2734375,69233.48540268694
2024-11-04,67811.5078125,68741.1171875,68655.91695999121
2024-11-05,69359.5625,67811.5078125,67682.92337830742
2024-11-06,75639.078125,69359.5625,69251.70430484488
2024-11-07,75904.859375,75639.078125,75622.2267506715
2024-11-08,76545.4765625,75904.859375,75899.55622723816
2024-11-09,76778.8671875,76545.4765625,76549.17599355595
2024-11-10,80474.1875,76778.8671875,76791.56683705082
2024-11-11,88701.484375,80474.1875,80536.60461534387
2024-11-12,87955.8125,88701.484375,88831.27741689884
2024-11-13,90584.1640625,87955.8125,88002.63403428308
2024-11-14,87250.4296875,90584.1640625,90655.24909224568
2024-11-15,91066.0078125,87250.4296875,87279.03311907
2024-11-16,90558.4765625,91066.0078125,91131.65978474145
2024-11-17,89845.8515625,90558.4765625,90574.58448083475
2024-11-18,90542.640625,89845.8515625,89756.01213649008
2024-11-19,92343.7890625,90542.640625,90469.00517412399
2024-11-20,94339.4921875,92343.7890625,92257.4920896952
2024-11-21,98504.7265625,94339.4921875,94313.949729752
2024-11-22,98997.6640625,98504.7265625,98476.99404211027
2024-11-23,97777.28125,98997.6640625,98981.1555891416
2024-11-24,98013.8203125,97777.28125,97756.56163100294
2024-11-25,93102.296875,98013.8203125,97987.22797321252
2024-11-26,91985.3203125,93102.296875,93002.85226470893
2024-11-27,95962.53125,91985.3203125,91850.31734517374
2024-11-28,95652.46875,95962.53125,95819.18838781308
2024-11-29,97461.5234375,95652.46875,95499.98618588803
2024-11-30,96449.0546875,97461.5234375,97342.54306968194
2024-12-01,97279.7890625,96449.0546875,96316.66984330631
2024-12-02,95865.3046875,97279.7890625,97214.88489964014
2024-12-03,96002.1640625,95865.3046875,95799.00386500558
2024-12-04,98768.53125,96002.1640625,95889.67293141423
2024-12-05,96593.5703125,98768.53125,98688.63941455948
2024-12-06,99920.7109375,96593.5703125,96469.30721429623
2024-12-07,99923.3359375,99920.7109375,99843.31278854306
2024-12-08,101236.015625,99923.3359375,99836.01875979958
2024-12-09,97432.71875,101236.015625,101179.34139920391
2024-12-10,96675.4296875,97432.71875,97334.69119796097
2024-12-11,101173.03125,96675.4296875,96536.37248550632
2024-12-12,100043.0,101173.03125,101106.97975609447
2024-12-13,101459.2578125,100043.0,99925.31243749961
2024-12-14,101372.96875,101459.2578125,101356.32763561422
2024-12-15,104298.6953125,101372.96875,101253.42072381117
2024-12-16,106029.71875,104298.6953125,104255.23537473411
2024-12-17,106140.6015625,106029.71875,106013.40153927055
2024-12-18,100041.5390625,106140.6015625,106071.59211878726
2024-12-19,97490.953125,100041.5390625,99922.37206932686
2024-12-20,97755.9296875,97490.953125,97328.19551011949
2024-12-21,97224.7265625,97755.9296875,97596.9721496603
2024-12-22,95104.9375,97224.7265625,97025.1921834181
2024-12-23,94686.2421875,95104.9375,94862.54224613562
2024-12-24,98676.09375,94686.2421875,94438.14723553148
2024-12-25,99299.1953125,98676.09375,98542.68602693704
2024-12-26,95795.515625,99299.1953125,99202.83246609363
2024-12-27,94164.859375,95795.515625,95659.3941522457
2024-12-28,95163.9296875,94164.859375,94018.07043219614
2024-12-29,93530.2265625,95163.9296875,95052.95359319767
2024-12-30,92643.2109375,93530.2265625,93407.20411840994
2024-12-31,93429.203125,92643.2109375,92463.1553536575
2025-01-01,94419.7578125,93429.203125,93249.89457318942
2025-01-02,96886.875,94419.7578125,94292.7426045782
2025-01-03,98107.4296875,96886.875,96805.14582546231
2025-01-04,98236.2265625,98107.4296875,98026.48382404304
2025-01-05,98314.9609375,98236.2265625,98176.1860580144
2025-01-06,102078.0859375,98314.9609375,98266.3628900151
2025-01-07,96922.703125,102078.0859375,102059.37236958304
2025-01-08,95043.5234375,96922.703125,96838.29615767299
2025-01-09,92484.0390625,95043.5234375,94909.95478031393
2025-01-10,94701.453125,92484.0390625,92309.13003143945
2025-01-11,94566.59375,94701.453125,94548.15663052947
2025-01-12,94488.4375,94566.59375,94410.94633799614
2025-01-13,94516.5234375,94488.4375,94286.91781372996
2025-01-14,96534.046875,94516.5234375,94377.02278038445
2025-01-15,100504.4921875,96534.046875,96438.11310180664
2025-01-16,99756.90625,100504.4921875,100480.66338886693
2025-01-17,104462.0390625,99756.90625,99698.72177645253
2025-01-18,104408.0703125,104462.0390625,104454.60109964706
2025-01-19,101089.609375,104408.0703125,104401.00456852464
2025-01-20,102016.6640625,101089.609375,101047.55539931555
2025-01-21,106146.265625,102016.6640625,101960.13461002891
2025-01-22,103653.0703125,106146.265625,106085.31979032571
2025-01-23,103960.171875,103653.0703125,103575.04098832203
2025-01-24,104819.484375,103960.171875,103829.01448293711
2025-01-25,104714.6484375,104819.484375,104697.94624779238
2025-01-26,102682.5,104714.6484375,104631.74775450975
2025-01-27,102087.6875,102682.5,102567.27957395668
2025-01-28,101332.4765625,102087.6875,101916.81193468622
2025-01-29,103703.2109375,101332.4765625,101183.56614872141
2025-01-30,104735.3046875,103703.2109375,103575.3792039581
2025-01-31,102405.0234375,104735.3046875,104607.96165239264
2025-02-01,100655.90625,102405.0234375,102254.60240069767
2025-02-02,97688.9765625,100655.90625,100511.5516738842
2025-02-03,101405.421875,97688.9765625,97520.76251182084
2025-02-04,97871.8203125,101405.421875,101285.0577966919
2025-02-05,96615.4453125,97871.8203125,97686.1727760932
2025-02-06,96593.296875,96615.4453125,96404.32115680038
2025-02-07,96529.0859375,96593.296875,96409.84205809051
2025-02-08,96482.453125,96529.0859375,96365.90291825877
2025-02-09,96500.09375,96482.453125,96354.30640963018
2025-02-10,97437.5546875,96500.09375,96327.63398738916
2025-02-11,95747.4296875,97437.5546875,97317.19211109148
2025-02-12,97885.859375,95747.4296875,95624.46119025156
2025-02-13,96623.8671875,97885.859375,97785.48592405322
2025-02-14,97508.96875,96623.8671875,96511.08459255719
2025-02-15,97580.3515625,97508.96875,97405.98688018958
2025-02-16,96175.03125,97580.3515625,97477.9038722517
2025-02-17,95773.3828125,96175.03125,96046.68467225814
2025-02-18,95539.546875,95773.3828125,95661.0781327926
2025-02-19,96635.609375,95539.546875,95399.19687419217
2025-02-20,98333.9375,96635.609375,96521.81457167357
2025-02-21,96125.546875,98333.9375,98227.27955824397
2025-02-22,96577.7578125,96125.546875,95994.9738559044
2025-02-23,96273.921875,96577.7578125,96468.73285627233
2025-02-24,91418.171875,96273.921875,96166.53317429664
2025-02-25,88736.171875,91418.171875,91262.8783064331
2025-02-26,84347.0234375,88736.171875,88539.74915617383
2025-02-27,84704.2265625,84347.0234375,84084.43425457088
2025-02-28,84373.0078125,84704.2265625,84471.8085697804
2025-03-01,86031.9140625,84373.0078125,84131.71682246252
2025-03-02,94248.3515625,86031.9140625,85811.58351379167
2025-03-03,86065.671875,94248.3515625,94171.95673609797
2025-03-04,87222.1953125,86065.671875,85935.94382735697
2025-03-05,90623.5625,87222.1953125,87157.09546170062
2025-03-06,89961.7265625,90623.5625,90589.70351037366
2025-03-07,86742.671875,89961.7265625,89924.9222695279
2025-03-08,86154.59375,86742.671875,86652.39144490809
2025-03-09,80601.0390625,86154.59375,85959.79653613051
2025-03-10,78532.0,80601.0390625,80446.22243020625
2025-03-11,82862.2109375,78532.0,78341.7309611835
2025-03-12,83722.359375,82862.2109375,82676.43392639616
2025-03-13,81066.703125,83722.359375,83553.48839314679
2025-03-14,83969.1015625,81066.703125,80908.6432720454
2025-03-15,84343.109375,83969.1015625,83848.3901676788
2025-03-16,82579.6875,84343.109375,84292.79652589731
2025-03-17,84075.6875,82579.6875,82535.73343347826
2025-03-18,82718.5,84075.6875,83995.50901888772
2025-03-19,86854.2265625,82718.5,82613.8509105947
2025-03-20,84167.1953125,86854.2265625,86824.55981617472
2025-03-21,84043.2421875,84167.1953125,84074.71949505642
2025-03-22,83832.484375,84043.2421875,83944.99400846605
2025-03-23,86054.375,83832.484375,83753.14899621112
2025-03-24,87498.9140625,86054.375,85980.32928638607
2025-03-25,87471.703125,87498.9140625,87456.20218033744
2025-03-26,86900.8828125,87471.703125,87379.18976456983
2025-03-27,87177.1015625,86900.8828125,86834.5808540994
2025-03-28,84353.1484375,87177.1015625,87115.16802844816
2025-03-29,82597.5859375,84353.1484375,84264.25010244748
2025-03-30,82334.5234375,82597.5859375,82463.75285955057
2025-03-31,82548.9140625,82334.5234375,82180.64784939348
2025-04-01,85169.171875,82548.9140625,82397.60297768633
2025-04-02,82485.7109375,85169.171875,85052.05645697331
2025-04-03,83102.828125,82485.7109375,82337.26715910675
2025-04-04,83843.8046875,83102.828125,82994.63977738215
2025-04-05,83504.796875,83843.8046875,83764.37321820357
2025-04-06,78214.484375,83504.796875,83424.97509137666
2025-04-07,79235.3359375,78214.484375,78076.85329764821
2025-04-08,76271.953125,79235.3359375,79076.99224707017
2025-04-09,82573.953125,76271.953125,76114.79452761973
2025-04-10,79626.140625,82573.953125,82475.21234153004
2025-04-11,83404.8359375,79626.140625,79487.74649826862
2025-04-12,85287.109375,83404.8359375,83309.95858019908
2025-04-13,83684.9765625,85287.109375,85275.22832350536
2025-04-14,84542.390625,83684.9765625,83644.14303087484
2025-04-15,83668.9921875,84542.390625,84545.99114785869
2025-04-16,84033.8671875,83668.9921875,83588.01825239614
2025-04-17,84895.75,84033.8671875,83991.99770233726
2025-04-18,84450.8046875,84895.75,84817.63787054109
2025-04-19,85063.4140625,84450.8046875,84345.50977174756
2025-04-20,85174.3046875,85063.4140625,84983.69856802489
2025-04-21,87518.90625,85174.3046875,85085.48125539097
2025-04-22,93441.890625,87518.90625,87465.02282186649
2025-04-23,93699.109375,93441.890625,93445.48737544454
2025-04-24,93943.796875,93699.109375,93695.07266735962
2025-04-25,94720.5,93943.796875,93947.64259821422
2025-04-26,94646.9296875,94720.5,94725.12138088843
2025-04-27,93754.84375,94646.9296875,94649.4551331216
2025-04-28,94978.75,93754.84375,93719.98180148238
2025-04-29,94284.7890625,94978.75,94885.75200051794
2025-04-30,94207.3125,94284.7890625,94181.46490232102
2025-05-01,96492.3359375,94207.3125,94100.2496556695
2025-05-02,96910.0703125,96492.3359375,96399.83419300773
2025-05-03,95891.796875,96910.0703125,96822.81148671923
2025-05-04,94315.9765625,95891.796875,95804.58606354309
2025-05-05,94748.0546875,94315.9765625,94197.65684304426
2025-05-06,96802.4765625,94748.0546875,94642.55564609494
2025-05-07,97032.3203125,96802.4765625,96719.35779036209
2025-05-08,103241.4609375,97032.3203125,96924.24286769384
2025-05-09,102970.8515625,103241.4609375,103193.21887660689
2025-05-10,104696.328125,102970.8515625,102931.9756080574
2025-05-11,104106.359375,104696.328125,104694.33730675124
2025-05-12,102812.953125,104106.359375,104093.03469764505
2025-05-13,104169.8125,102812.953125,102761.524736957
2025-05-14,103539.4140625,104169.8125,104129.80074294111
2025-05-15,103744.640625,103539.4140625,103418.47710816204
2025-05-16,103489.2890625,103744.640625,103629.08670732136
2025-05-17,103191.0859375,103489.2890625,103350.40946974781
2025-05-18,106446.0078125,103191.0859375,103056.1561910725
2025-05-19,105606.1796875,106446.0078125,106360.55257823232
2025-05-20,106791.0859375,105606.1796875,105495.70904915693
2025-05-21,109678.078125,106791.0859375,106700.53610366878
2025-05-22,111673.28125,109678.078125,109615.21758325963
2025-05-23,107287.796875,111673.28125,111634.31231438473
2025-05-24,107791.15625,107287.796875,107206.60434120455
2025-05-25,109035.390625,107791.15625,107676.24848184481
2025-05-26,109440.3671875,109035.390625,108943.53069211026
2025-05-27,108994.640625,109440.3671875,109338.54912807552
2025-05-28,107802.328125,108994.640625,108853.60205505778
2025-05-29,105641.7578125,107802.328125,107624.95051335424
2025-05-30,103998.5703125,105641.7578125,105494.32684718161
2025-05-31,104638.09375,103998.5703125,103827.95413606797
2025-06-01,105652.1015625,104638.09375,104459.2582873477
2025-06-02,105881.53125,105652.1015625,105479.00573695629
2025-06-03,105432.46875,105881.53125,105716.16788449003
2025-06-04,104731.984375,105432.46875,105276.69183339462
2025-06-05,101575.953125,104731.984375,104594.76153252608
2025-06-06,104390.34375,101575.953125,101425.44844149312
2025-06-07,105615.625,104390.34375,104261.57037403785
2025-06-08,105793.6484375,105615.625,105487.50544301278
2025-06-09,110294.1015625,105793.6484375,105664.64085544625
2025-06-10,110257.234375,110294.1015625,110217.46516508565
2025-06-11,108686.625,110257.234375,110188.59995118892
2025-06-12,105929.0546875,108686.625,108639.37737280938
2025-06-13,106090.96875,105929.0546875,105819.31513136192
2025-06-14,105472.40625,106090.96875,105968.24955301717
2025-06-15,105552.0234375,105472.40625,105341.09642704895
2025-06-16,106796.7578125,105552.0234375,105367.66075841906
2025-06-17,104601.1171875,106796.7578125,106625.83428358036
2025-06-18,104883.328125,104601.1171875,104426.07140370164
2025-06-19,104684.2890625,104883.328125,104744.24581564574
2025-06-20,103309.6015625,104684.2890625,104541.18974386399
2025-06-21,102257.40625,103309.6015625,103159.55360460641
2025-06-22,100987.140625,102257.40625,102095.41782026508
2025-06-23,105577.7734375,100987.140625,100796.98456686715
2025-06-24,106045.6328125,105577.7734375,105461.8421355571
2025-06-25,107361.2578125,106045.6328125,105931.20805017013
2025-06-26,106960.0,107361.2578125,107262.95414773845
2025-06-27,107088.4296875,106960.0,106873.96555749848
2025-06-28,107327.703125,107088.4296875,107016.3343369437
2025-06-29,108385.5703125,107327.703125,107273.31528721677
2025-06-30,107135.3359375,108385.5703125,108287.26495078705
2025-07-01,105698.28125,107135.3359375,107018.37369472932
2025-07-02,108859.3203125,105698.28125,105550.56095960089
2025-07-03,109647.9765625,108859.3203125,108749.41243907771
2025-07-04,108034.3359375,109647.9765625,109544.76627989579
2025-07-05,108231.1796875,108034.3359375,107911.4108964659
2025-07-06,109232.0703125,108231.1796875,108097.64420761885
2025-07-07,108299.8515625,109232.0703125,109123.9554514323
2025-07-08,108950.2734375,108299.8515625,108199.20826214082
2025-07-09,111326.5546875,108950.2734375,108818.57462078471
2025-07-10,115987.203125,111326.5546875,111210.22678528151
2025-07-11,117516.9921875,115987.203125,115938.86276874476
2025-07-12,117435.2265625,117516.9921875,117482.26933591001
2025-07-13,119116.1171875,117435.2265625,117387.66616790078
2025-07-14,119849.703125,119116.1171875,119097.27046933591
2025-07-15,117777.1875,119849.703125,119830.7290955543
2025-07-16,118738.5078125,117777.1875,117708.12051748208
2025-07-17,119289.84375,118738.5078125,118623.6768446195
2025-07-18,118003.2265625,119289.84375,119162.45366061176
2025-07-19,117939.9765625,118003.2265625,117863.3803739777
2025-07-20,117300.7890625,117939.9765625,117779.34448792136
2025-07-21,117439.5390625,117300.7890625,117124.69920426104
2025-07-22,119995.4140625,117439.5390625,117289.7124275849
2025-07-23,118754.9609375,119995.4140625,119860.76637320488
2025-07-24,118368.0,118754.9609375,118600.75903410306
2025-07-25,117635.8828125,118368.0,118225.16213749224
2025-07-26,117947.3671875,117635.8828125,117486.1573492248
2025-07-27,119448.4921875,117947.3671875,117808.54733486765
2025-07-28,117924.4765625,119448.4921875,119323.6860847553
2025-07-29,117922.1484375,117924.4765625,117753.15475258557
2025-07-30,117831.1875,117922.1484375,117765.65434695128
2025-07-31,115758.203125,117831.1875,117678.37668898753
2025-08-01,113320.0859375,115758.203125,115592.51153311784
2025-08-02,112526.9140625,113320.0859375,113125.20567040412
2025-08-03,114217.671875,112526.9140625,112305.77828196506
2025-08-04,115071.8828125,114217.671875,114032.43843025755
2025-08-05,114141.4453125,115071.8828125,114895.5970644605
2025-08-06,115028.0,114141.4453125,113956.53285281331
2025-08-07,117496.8984375,115028.0,114877.16508500748
2025-08-08,116688.7265625,117496.8984375,117401.03594101989
2025-08-09,116500.359375,116688.7265625,116593.92169323978
2025-08-10,119306.7578125,116500.359375,116383.34398334095
2025-08-11,118731.4453125,119306.7578125,119208.81980443539
2025-08-12,120172.90625,118731.4453125,118638.6399812032
2025-08-13,123344.0625,120172.90625,120084.53812924167
2025-08-14,118359.578125,123344.0625,123259.24786470569
2025-08-15,117398.3515625,118359.578125,118232.39091813716
2025-08-16,117491.3515625,117398.3515625,117263.38239083576
2025-08-17,117453.0625,117491.3515625,117323.75231297825
2025-08-18,116252.3125,117453.0625,117291.9516851952
2025-08-19,112831.1796875,116252.3125,116061.40453068535
2025-08-20,114274.7421875,112831.1796875,112566.57917287026
2025-08-21,112419.03125,114274.7421875,114084.89518031864
2025-08-22,116874.0859375,112419.03125,112221.31541187387
2025-08-23,115374.328125,116874.0859375,116721.77707412184
2025-08-24,113458.4296875,115374.328125,115206.81696247632
2025-08-25,110124.3515625,113458.4296875,113285.28903598673
2025-08-26,111802.65625,110124.3515625,109957.35733371179
2025-08-27,111222.0625,111802.65625,111635.90330352195
2025-08-28,112544.8046875,111222.0625,111071.46544465798
2025-08-29,108410.8359375,112544.8046875,112354.67926605
2025-08-30,108808.0703125,108410.8359375,108195.49958498149
2025-08-31,108236.7109375,108808.0703125,108619.82113463881
2025-09-01,109250.59375,108236.7109375,108082.41466914686
2025-09-02,111200.5859375,109250.59375,109086.79016880179
2025-09-03,111723.2109375,111200.5859375,111064.0960087535
2025-09-04,110723.6015625,111723.2109375,111576.34106893872
2025-09-05,110650.984375,110723.6015625,110615.7898862284
2025-09-06,110224.6953125,110650.984375,110537.65830286928
2025-09-07,111167.6171875,110224.6953125,110113.75877932966
2025-09-08,112071.4296875,111167.6171875,111054.38752333421
2025-09-09,111530.546875,112071.4296875,111944.29040378163
2025-09-10,113955.359375,111530.546875,111391.5021723048
2025-09-11,115507.5390625,113955.359375,113853.60338527836
2025-09-12,116101.578125,115507.5390625,115422.86065853981
2025-09-13,115950.5078125,116101.578125,116028.20677022901
2025-09-14,115407.65625,115950.5078125,115864.26928670431
2025-09-15,115407.65625,115407.65625,115304.92776319695
2025-09-16,115187.15625,115407.65625,115311.40379008415
