Date,Real,Naive
2023-10-08,27935.08984375,27968.83984375
2023-10-09,27583.677734375,27935.08984375
2023-10-10,27391.01953125,27583.677734375
2023-10-11,26873.3203125,27391.01953125
2023-10-12,26756.798828125,26873.3203125
2023-10-13,26862.375,26756.798828125
2023-10-14,26861.70703125,26862.375
2023-10-15,27159.65234375,26861.70703125
2023-10-16,28519.466796875,27159.65234375
2023-10-17,28415.748046875,28519.466796875
2023-10-18,28328.341796875,28415.748046875
2023-10-19,28719.806640625,28328.341796875
2023-10-20,29682.94921875,28719.806640625
2023-10-21,29918.412109375,29682.94921875
2023-10-22,29993.896484375,29918.412109375
2023-10-23,33086.234375,29993.896484375
2023-10-24,33901.52734375,33086.234375
2023-10-25,34502.8203125,33901.52734375
2023-10-26,34156.6484375,34502.8203125
2023-10-27,33909.80078125,34156.6484375
2023-10-28,34089.57421875,33909.80078125
2023-10-29,34538.48046875,34089.57421875
2023-10-30,34502.36328125,34538.48046875
2023-10-31,34667.78125,34502.36328125
2023-11-01,35437.25390625,34667.78125
2023-11-02,34938.2421875,35437.25390625
2023-11-03,34732.32421875,34938.2421875
2023-11-04,35082.1953125,34732.32421875
2023-11-05,35049.35546875,35082.1953125
2023-11-06,35037.37109375,35049.35546875
2023-11-07,35443.5625,35037.37109375
2023-11-08,35655.27734375,35443.5625
2023-11-09,36693.125,35655.27734375
2023-11-10,37313.96875,36693.125
2023-11-11,37138.05078125,37313.96875
2023-11-12,37054.51953125,37138.05078125
2023-11-13,36502.35546875,37054.51953125
2023-11-14,35537.640625,36502.35546875
2023-11-15,37880.58203125,35537.640625
2023-11-16,36154.76953125,37880.58203125
2023-11-17,36596.68359375,36154.76953125
2023-11-18,36585.703125,36596.68359375
2023-11-19,37386.546875,36585.703125
2023-11-20,37476.95703125,37386.546875
2023-11-21,35813.8125,37476.95703125
2023-11-22,37432.33984375,35813.8125
2023-11-23,37289.62109375,37432.33984375
2023-11-24,37720.28125,37289.62109375
2023-11-25,37796.79296875,37720.28125
2023-11-26,37479.12109375,37796.79296875
2023-11-27,37254.16796875,37479.12109375
2023-11-28,37831.0859375,37254.16796875
2023-11-29,37858.4921875,37831.0859375
2023-11-30,37712.74609375,37858.4921875
2023-12-01,38688.75,37712.74609375
2023-12-02,39476.33203125,38688.75
2023-12-03,39978.390625,39476.33203125
2023-12-04,41980.09765625,39978.390625
2023-12-05,44080.6484375,41980.09765625
2023-12-06,43746.4453125,44080.6484375
2023-12-07,43292.6640625,43746.4453125
2023-12-08,44166.6015625,43292.6640625
2023-12-09,43725.984375,44166.6015625
2023-12-10,43779.69921875,43725.984375
2023-12-11,41243.83203125,43779.69921875
2023-12-12,41450.22265625,41243.83203125
2023-12-13,42890.7421875,41450.22265625
2023-12-14,43023.97265625,42890.7421875
2023-12-15,41929.7578125,43023.97265625
2023-12-16,42240.1171875,41929.7578125
2023-12-17,41364.6640625,42240.1171875
2023-12-18,42623.5390625,41364.6640625
2023-12-19,42270.52734375,42623.5390625
2023-12-20,43652.25,42270.52734375
2023-12-21,43869.15234375,43652.25
2023-12-22,43997.90234375,43869.15234375
2023-12-23,43739.54296875,43997.90234375
2023-12-24,43016.1171875,43739.54296875
2023-12-25,43613.140625,43016.1171875
2023-12-26,42520.40234375,43613.140625
2023-12-27,43442.85546875,42520.40234375
2023-12-28,42627.85546875,43442.85546875
2023-12-29,42099.40234375,42627.85546875
2023-12-30,42156.90234375,42099.40234375
2023-12-31,42265.1875,42156.90234375
2024-01-01,44167.33203125,42265.1875
2024-01-02,44957.96875,44167.33203125
2024-01-03,42848.17578125,44957.96875
2024-01-04,44179.921875,42848.17578125
2024-01-05,44162.69140625,44179.921875
2024-01-06,43989.1953125,44162.69140625
2024-01-07,43943.09765625,43989.1953125
2024-01-08,46970.50390625,43943.09765625
2024-01-09,46139.73046875,46970.50390625
2024-01-10,46627.77734375,46139.73046875
2024-01-11,46368.5859375,46627.77734375
2024-01-12,42853.16796875,46368.5859375
2024-01-13,42842.3828125,42853.16796875
2024-01-14,41796.26953125,42842.3828125
2024-01-15,42511.96875,41796.26953125
2024-01-16,43154.9453125,42511.96875
2024-01-17,42742.65234375,43154.9453125
2024-01-18,41262.05859375,42742.65234375
2024-01-19,41618.40625,41262.05859375
2024-01-20,41665.5859375,41618.40625
2024-01-21,41545.78515625,41665.5859375
2024-01-22,39507.3671875,41545.78515625
2024-01-23,39845.55078125,39507.3671875
2024-01-24,40077.07421875,39845.55078125
2024-01-25,39933.80859375,40077.07421875
2024-01-26,41816.87109375,39933.80859375
2024-01-27,42120.0546875,41816.87109375
2024-01-28,42035.59375,42120.0546875
2024-01-29,43288.24609375,42035.59375
2024-01-30,42952.609375,43288.24609375
2024-01-31,42582.60546875,42952.609375
2024-02-01,43075.7734375,42582.60546875
2024-02-02,43185.859375,43075.7734375
2024-02-03,42992.25,43185.859375
2024-02-04,42583.58203125,42992.25
2024-02-05,42658.66796875,42583.58203125
2024-02-06,43084.671875,42658.66796875
2024-02-07,44318.22265625,43084.671875
2024-02-08,45301.56640625,44318.22265625
2024-02-09,47147.19921875,45301.56640625
2024-02-10,47771.27734375,47147.19921875
2024-02-11,48293.91796875,47771.27734375
2024-02-12,49958.22265625,48293.91796875
2024-02-13,49742.44140625,49958.22265625
2024-02-14,51826.6953125,49742.44140625
2024-02-15,51938.5546875,51826.6953125
2024-02-16,52160.203125,51938.5546875
2024-02-17,51662.99609375,52160.203125
2024-02-18,52122.546875,51662.99609375
2024-02-19,51779.14453125,52122.546875
2024-02-20,52284.875,51779.14453125
2024-02-21,51839.1796875,52284.875
2024-02-22,51304.97265625,51839.1796875
2024-02-23,50731.94921875,51304.97265625
2024-02-24,51571.1015625,50731.94921875
2024-02-25,51733.23828125,51571.1015625
2024-02-26,54522.40234375,51733.23828125
2024-02-27,57085.37109375,54522.40234375
2024-02-28,62504.7890625,57085.37109375
2024-02-29,61198.3828125,62504.7890625
2024-03-01,62440.6328125,61198.3828125
2024-03-02,62029.84765625,62440.6328125
2024-03-03,63167.37109375,62029.84765625
2024-03-04,68330.4140625,63167.37109375
2024-03-05,63801.19921875,68330.4140625
2024-03-06,66106.8046875,63801.19921875
2024-03-07,66925.484375,66106.8046875
2024-03-08,68300.09375,66925.484375
2024-03-09,68498.8828125,68300.09375
2024-03-10,69019.7890625,68498.8828125
2024-03-11,72123.90625,69019.7890625
2024-03-12,71481.2890625,72123.90625
2024-03-13,73083.5,71481.2890625
2024-03-14,71396.59375,73083.5
2024-03-15,69403.7734375,71396.59375
2024-03-16,65315.1171875,69403.7734375
2024-03-17,68390.625,65315.1171875
2024-03-18,67548.59375,68390.625
2024-03-19,61912.7734375,67548.59375
2024-03-20,67913.671875,61912.7734375
2024-03-21,65491.390625,67913.671875
2024-03-22,63778.76171875,65491.390625
2024-03-23,64062.203125,63778.76171875
2024-03-24,67234.171875,64062.203125
2024-03-25,69958.8125,67234.171875
2024-03-26,69987.8359375,69958.8125
2024-03-27,69455.34375,69987.8359375
2024-03-28,70744.953125,69455.34375
2024-03-29,69892.828125,70744.953125
2024-03-30,69645.3046875,69892.828125
2024-03-31,71333.6484375,69645.3046875
2024-04-01,69702.1484375,71333.6484375
2024-04-02,65446.97265625,69702.1484375
2024-04-03,65980.8125,65446.97265625
2024-04-04,68508.84375,65980.8125
2024-04-05,67837.640625,68508.84375
2024-04-06,68896.109375,67837.640625
2024-04-07,69362.5546875,68896.109375
2024-04-08,71631.359375,69362.5546875
2024-04-09,69139.015625,71631.359375
2024-04-10,70587.8828125,69139.015625
2024-04-11,70060.609375,70587.8828125
2024-04-12,67195.8671875,70060.609375
2024-04-13,63821.47265625,67195.8671875
2024-04-14,65738.7265625,63821.47265625
2024-04-15,63426.2109375,65738.7265625
2024-04-16,63811.86328125,63426.2109375
2024-04-17,61276.69140625,63811.86328125
2024-04-18,63512.75390625,61276.69140625
2024-04-19,63843.5703125,63512.75390625
2024-04-20,64994.44140625,63843.5703125
2024-04-21,64926.64453125,64994.44140625
2024-04-22,66837.6796875,64926.64453125
2024-04-23,66407.2734375,66837.6796875
2024-04-24,64276.8984375,66407.2734375
2024-04-25,64481.70703125,64276.8984375
2024-04-26,63755.3203125,64481.70703125
2024-04-27,63419.140625,63755.3203125
2024-04-28,63113.23046875,63419.140625
2024-04-29,63841.12109375,63113.23046875
2024-04-30,60636.85546875,63841.12109375
2024-05-01,58254.01171875,60636.85546875
2024-05-02,59123.43359375,58254.01171875
2024-05-03,62889.8359375,59123.43359375
2024-05-04,63891.47265625,62889.8359375
2024-05-05,64031.1328125,63891.47265625
2024-05-06,63161.94921875,64031.1328125
2024-05-07,62334.81640625,63161.94921875
2024-05-08,61187.94140625,62334.81640625
2024-05-09,63049.9609375,61187.94140625
2024-05-10,60792.77734375,63049.9609375
2024-05-11,60793.7109375,60792.77734375
2024-05-12,61448.39453125,60793.7109375
2024-05-13,62901.44921875,61448.39453125
2024-05-14,61552.7890625,62901.44921875
2024-05-15,66267.4921875,61552.7890625
2024-05-16,65231.58203125,66267.4921875
2024-05-17,67051.875,65231.58203125
2024-05-18,66940.8046875,67051.875
2024-05-19,66278.3671875,66940.8046875
2024-05-20,71448.1953125,66278.3671875
2024-05-21,70136.53125,71448.1953125
2024-05-22,69122.3359375,70136.53125
2024-05-23,67929.5625,69122.3359375
2024-05-24,68526.1015625,67929.5625
2024-05-25,69265.9453125,68526.1015625
2024-05-26,68518.09375,69265.9453125
2024-05-27,69394.5546875,68518.09375
2024-05-28,68296.21875,69394.5546875
2024-05-29,67578.09375,68296.21875
2024-05-30,68364.9921875,67578.09375
2024-05-31,67491.4140625,68364.9921875
2024-06-01,67706.9375,67491.4140625
2024-06-02,67751.6015625,67706.9375
2024-06-03,68804.78125,67751.6015625
2024-06-04,70567.765625,68804.78125
2024-06-05,71082.8203125,70567.765625
2024-06-06,70757.1640625,71082.8203125
2024-06-07,69342.5859375,70757.1640625
2024-06-08,69305.7734375,69342.5859375
2024-06-09,69647.9921875,69305.7734375
2024-06-10,69512.28125,69647.9921875
2024-06-11,67332.03125,69512.28125
2024-06-12,68241.1875,67332.03125
2024-06-13,66756.3984375,68241.1875
2024-06-14,66011.09375,66756.3984375
2024-06-15,66191.0,66011.09375
2024-06-16,66639.046875,66191.0
2024-06-17,66490.296875,66639.046875
2024-06-18,65140.74609375,66490.296875
2024-06-19,64960.296875,65140.74609375
2024-06-20,64828.65625,64960.296875
2024-06-21,64096.19921875,64828.65625
2024-06-22,64252.578125,64096.19921875
2024-06-23,63180.796875,64252.578125
2024-06-24,60277.4140625,63180.796875
2024-06-25,61804.640625,60277.4140625
2024-06-26,60811.27734375,61804.640625
2024-06-27,61604.80078125,60811.27734375
2024-06-28,60320.13671875,61604.80078125
2024-06-29,60887.37890625,60320.13671875
2024-06-30,62678.29296875,60887.37890625
2024-07-01,62851.98046875,62678.29296875
2024-07-02,62029.015625,62851.98046875
2024-07-03,60173.921875,62029.015625
2024-07-04,56977.703125,60173.921875
2024-07-05,56662.375,56977.703125
2024-07-06,58303.5390625,56662.375
2024-07-07,55849.109375,58303.5390625
2024-07-08,56705.09765625,55849.109375
2024-07-09,58009.2265625,56705.09765625
2024-07-10,57742.49609375,58009.2265625
2024-07-11,57344.9140625,57742.49609375
2024-07-12,57899.46484375,57344.9140625
2024-07-13,59231.953125,57899.46484375
2024-07-14,60787.79296875,59231.953125
2024-07-15,64870.15234375,60787.79296875
2024-07-16,65097.1484375,64870.15234375
2024-07-17,64118.79296875,65097.1484375
2024-07-18,63974.06640625,64118.79296875
2024-07-19,66710.15625,63974.06640625
2024-07-20,67163.6484375,66710.15625
2024-07-21,68154.5234375,67163.6484375
2024-07-22,67585.25,68154.5234375
2024-07-23,65927.671875,67585.25
2024-07-24,65372.1328125,65927.671875
2024-07-25,65777.2265625,65372.1328125
2024-07-26,67912.0625,65777.2265625
2024-07-27,67813.3359375,67912.0625
2024-07-28,68255.8671875,67813.3359375
2024-07-29,66819.9140625,68255.8671875
2024-07-30,66201.015625,66819.9140625
2024-07-31,64619.25,66201.015625
2024-08-01,65357.5,64619.25
2024-08-02,61415.06640625,65357.5
2024-08-03,60680.09375,61415.06640625
2024-08-04,58116.9765625,60680.09375
2024-08-05,53991.45703125,58116.9765625
2024-08-06,56034.31640625,53991.45703125
2024-08-07,55027.4609375,56034.31640625
2024-08-08,61710.13671875,55027.4609375
2024-08-09,60880.11328125,61710.13671875
2024-08-10,60945.8125,60880.11328125
2024-08-11,58719.484375,60945.8125
2024-08-12,59354.515625,58719.484375
2024-08-13,60609.56640625,59354.515625
2024-08-14,58737.26953125,60609.56640625
2024-08-15,57560.09765625,58737.26953125
2024-08-16,58894.10546875,57560.09765625
2024-08-17,59478.97265625,58894.10546875
2024-08-18,58483.96484375,59478.97265625
2024-08-19,59493.453125,58483.96484375
2024-08-20,59012.79296875,59493.453125
2024-08-21,61175.19140625,59012.79296875
2024-08-22,60381.9140625,61175.19140625
2024-08-23,64094.35546875,60381.9140625
2024-08-24,64178.9921875,64094.35546875
2024-08-25,64333.54296875,64178.9921875
2024-08-26,62880.66015625,64333.54296875
2024-08-27,59504.1328125,62880.66015625
2024-08-28,59027.625,59504.1328125
2024-08-29,59388.1796875,59027.625
2024-08-30,59119.4765625,59388.1796875
2024-08-31,58969.8984375,59119.4765625
2024-09-01,57325.48828125,58969.8984375
2024-09-02,59112.48046875,57325.48828125
2024-09-03,57431.0234375,59112.48046875
2024-09-04,57971.5390625,57431.0234375
2024-09-05,56160.48828125,57971.5390625
2024-09-06,53948.75390625,56160.48828125
2024-09-07,54139.6875,53948.75390625
2024-09-08,54841.56640625,54139.6875
2024-09-09,57019.53515625,54841.56640625
2024-09-10,57648.7109375,57019.53515625
2024-09-11,57343.171875,57648.7109375
2024-09-12,58127.01171875,57343.171875
2024-09-13,60571.30078125,58127.01171875
2024-09-14,60005.12109375,60571.30078125
2024-09-15,59182.8359375,60005.12109375
2024-09-16,58192.5078125,59182.8359375
2024-09-17,60308.5390625,58192.5078125
2024-09-18,61649.6796875,60308.5390625
2024-09-19,62940.45703125,61649.6796875
2024-09-20,63192.9765625,62940.45703125
2024-09-21,63394.83984375,63192.9765625
2024-09-22,63648.7109375,63394.83984375
2024-09-23,63329.80078125,63648.7109375
2024-09-24,64301.96875,63329.80078125
2024-09-25,63143.14453125,64301.96875
2024-09-26,65181.01953125,63143.14453125
2024-09-27,65790.6640625,65181.01953125
2024-09-28,65887.6484375,65790.6640625
2024-09-29,65635.3046875,65887.6484375
2024-09-30,63329.5,65635.3046875
2024-10-01,60837.0078125,63329.5
2024-10-02,60632.78515625,60837.0078125
2024-10-03,60759.40234375,60632.78515625
2024-10-04,62067.4765625,60759.40234375
2024-10-05,62089.94921875,62067.4765625
2024-10-06,62818.953125,62089.94921875
2024-10-07,62236.66015625,62818.953125
2024-10-08,62131.96875,62236.66015625
2024-10-09,60582.1015625,62131.96875
2024-10-10,60274.5,60582.1015625
2024-10-11,62445.08984375,60274.5
2024-10-12,63193.0234375,62445.08984375
2024-10-13,62851.375,63193.0234375
2024-10-14,66046.125,62851.375
2024-10-15,67041.109375,66046.125
2024-10-16,67612.71875,67041.109375
2024-10-17,67399.8359375,67612.71875
2024-10-18,68418.7890625,67399.8359375
2024-10-19,68362.734375,68418.7890625
2024-10-20,69001.703125,68362.734375
2024-10-21,67367.8515625,69001.703125
2024-10-22,67361.40625,67367.8515625
2024-10-23,66432.1953125,67361.40625
2024-10-24,68161.0546875,66432.1953125
2024-10-25,66642.4140625,68161.0546875
2024-10-26,67014.6953125,66642.4140625
2024-10-27,67929.296875,67014.6953125
2024-10-28,69907.7578125,67929.296875
2024-10-29,72720.4921875,69907.7578125
2024-10-30,72339.5390625,72720.4921875
2024-10-31,70215.1875,72339.5390625
2024-11-01,69482.46875,70215.1875
2024-11-02,69289.2734375,69482.46875
2024-11-03,68741.1171875,69289.2734375
2024-11-04,67811.5078125,68741.1171875
2024-11-05,69359.5625,67811.5078125
2024-11-06,75639.078125,69359.5625
2024-11-07,75904.859375,75639.078125
2024-11-08,76545.4765625,75904.859375
2024-11-09,76778.8671875,76545.4765625
2024-11-10,80474.1875,76778.8671875
2024-11-11,88701.484375,80474.1875
2024-11-12,87955.8125,88701.484375
2024-11-13,90584.1640625,87955.8125
2024-11-14,87250.4296875,90584.1640625
2024-11-15,91066.0078125,87250.4296875
2024-11-16,90558.4765625,91066.0078125
2024-11-17,89845.8515625,90558.4765625
2024-11-18,90542.640625,89845.8515625
2024-11-19,92343.7890625,90542.640625
2024-11-20,94339.4921875,92343.7890625
2024-11-21,98504.7265625,94339.4921875
2024-11-22,98997.6640625,98504.7265625
2024-11-23,97777.28125,98997.6640625
2024-11-24,98013.8203125,97777.28125
2024-11-25,93102.296875,98013.8203125
2024-11-26,91985.3203125,93102.296875
2024-11-27,95962.53125,91985.3203125
2024-11-28,95652.46875,95962.53125
2024-11-29,97461.5234375,95652.46875
2024-11-30,96449.0546875,97461.5234375
2024-12-01,97279.7890625,96449.0546875
2024-12-02,95865.3046875,97279.7890625
2024-12-03,96002.1640625,95865.3046875
2024-12-04,98768.53125,96002.1640625
2024-12-05,96593.5703125,98768.53125
2024-12-06,99920.7109375,96593.5703125
2024-12-07,99923.3359375,99920.7109375
2024-12-08,101236.015625,99923.3359375
2024-12-09,97432.71875,101236.015625
2024-12-10,96675.4296875,97432.71875
2024-12-11,101173.03125,96675.4296875
2024-12-12,100043.0,101173.03125
2024-12-13,101459.2578125,100043.0
2024-12-14,101372.96875,101459.2578125
2024-12-15,104298.6953125,101372.96875
2024-12-16,106029.71875,104298.6953125
2024-12-17,106140.6015625,106029.71875
2024-12-18,100041.5390625,106140.6015625
2024-12-19,97490.953125,100041.5390625
2024-12-20,97755.9296875,97490.953125
2024-12-21,97224.7265625,97755.9296875
2024-12-22,95104.9375,97224.7265625
2024-12-23,94686.2421875,95104.9375
2024-12-24,98676.09375,94686.2421875
2024-12-25,99299.1953125,98676.09375
2024-12-26,95795.515625,99299.1953125
2024-12-27,94164.859375,95795.515625
2024-12-28,95163.9296875,94164.859375
2024-12-29,93530.2265625,95163.9296875
2024-12-30,92643.2109375,93530.2265625
2024-12-31,93429.203125,92643.2109375
2025-01-01,94419.7578125,93429.203125
2025-01-02,96886.875,94419.7578125
2025-01-03,98107.4296875,96886.875
2025-01-04,98236.2265625,98107.4296875
2025-01-05,98314.9609375,98236.2265625
2025-01-06,102078.0859375,98314.9609375
2025-01-07,96922.703125,102078.0859375
2025-01-08,95043.5234375,96922.703125
2025-01-09,92484.0390625,95043.5234375
2025-01-10,94701.453125,92484.0390625
2025-01-11,94566.59375,94701.453125
2025-01-12,94488.4375,94566.59375
2025-01-13,94516.5234375,94488.4375
2025-01-14,96534.046875,94516.5234375
2025-01-15,100504.4921875,96534.046875
2025-01-16,99756.90625,100504.4921875
2025-01-17,104462.0390625,99756.90625
2025-01-18,104408.0703125,104462.0390625
2025-01-19,101089.609375,104408.0703125
2025-01-20,102016.6640625,101089.609375
2025-01-21,106146.265625,102016.6640625
2025-01-22,103653.0703125,106146.265625
2025-01-23,103960.171875,103653.0703125
2025-01-24,104819.484375,103960.171875
2025-01-25,104714.6484375,104819.484375
2025-01-26,102682.5,104714.6484375
2025-01-27,102087.6875,102682.5
2025-01-28,101332.4765625,102087.6875
2025-01-29,103703.2109375,101332.4765625
2025-01-30,104735.3046875,103703.2109375
2025-01-31,102405.0234375,104735.3046875
2025-02-01,100655.90625,102405.0234375
2025-02-02,97688.9765625,100655.90625
2025-02-03,101405.421875,97688.9765625
2025-02-04,97871.8203125,101405.421875
2025-02-05,96615.4453125,97871.8203125
2025-02-06,96593.296875,96615.4453125
2025-02-07,96529.0859375,96593.296875
2025-02-08,96482.453125,96529.0859375
2025-02-09,96500.09375,96482.453125
2025-02-10,97437.5546875,96500.09375
2025-02-11,95747.4296875,97437.5546875
2025-02-12,97885.859375,95747.4296875
2025-02-13,96623.8671875,97885.859375
2025-02-14,97508.96875,96623.8671875
2025-02-15,97580.3515625,97508.96875
2025-02-16,96175.03125,97580.3515625
2025-02-17,95773.3828125,96175.03125
2025-02-18,95539.546875,95773.3828125
2025-02-19,96635.609375,95539.546875
2025-02-20,98333.9375,96635.609375
2025-02-21,96125.546875,98333.9375
2025-02-22,96577.7578125,96125.546875
2025-02-23,96273.921875,96577.7578125
2025-02-24,91418.171875,96273.921875
2025-02-25,88736.171875,91418.171875
2025-02-26,84347.0234375,88736.171875
2025-02-27,84704.2265625,84347.0234375
2025-02-28,84373.0078125,84704.2265625
2025-03-01,86031.9140625,84373.0078125
2025-03-02,94248.3515625,86031.9140625
2025-03-03,86065.671875,94248.3515625
2025-03-04,87222.1953125,86065.671875
2025-03-05,90623.5625,87222.1953125
2025-03-06,89961.7265625,90623.5625
2025-03-07,86742.671875,89961.7265625
2025-03-08,86154.59375,86742.671875
2025-03-09,80601.0390625,86154.59375
2025-03-10,78532.0,80601.0390625
2025-03-11,82862.2109375,78532.0
2025-03-12,83722.359375,82862.2109375
2025-03-13,81066.703125,83722.359375
2025-03-14,83969.1015625,81066.703125
2025-03-15,84343.109375,83969.1015625
2025-03-16,82579.6875,84343.109375
2025-03-17,84075.6875,82579.6875
2025-03-18,82718.5,84075.6875
2025-03-19,86854.2265625,82718.5
2025-03-20,84167.1953125,86854.2265625
2025-03-21,84043.2421875,84167.1953125
2025-03-22,83832.484375,84043.2421875
2025-03-23,86054.375,83832.484375
2025-03-24,87498.9140625,86054.375
2025-03-25,87471.703125,87498.9140625
2025-03-26,86900.8828125,87471.703125
2025-03-27,87177.1015625,86900.8828125
2025-03-28,84353.1484375,87177.1015625
2025-03-29,82597.5859375,84353.1484375
2025-03-30,82334.5234375,82597.5859375
2025-03-31,82548.9140625,82334.5234375
2025-04-01,85169.171875,82548.9140625
2025-04-02,82485.7109375,85169.171875
2025-04-03,83102.828125,82485.7109375
2025-04-04,83843.8046875,83102.828125
2025-04-05,83504.796875,83843.8046875
2025-04-06,78214.484375,83504.796875
2025-04-07,79235.3359375,78214.484375
2025-04-08,76271.953125,79235.3359375
2025-04-09,82573.953125,76271.953125
2025-04-10,79626.140625,82573.953125
2025-04-11,83404.8359375,79626.140625
2025-04-12,85287.109375,83404.8359375
2025-04-13,83684.9765625,85287.109375
2025-04-14,84542.390625,83684.9765625
2025-04-15,83668.9921875,84542.390625
2025-04-16,84033.8671875,83668.9921875
2025-04-17,84895.75,84033.8671875
2025-04-18,84450.8046875,84895.75
2025-04-19,85063.4140625,84450.8046875
2025-04-20,85174.3046875,85063.4140625
2025-04-21,87518.90625,85174.3046875
2025-04-22,93441.890625,87518.90625
2025-04-23,93699.109375,93441.890625
2025-04-24,93943.796875,93699.109375
2025-04-25,94720.5,93943.796875
2025-04-26,94646.9296875,94720.5
2025-04-27,93754.84375,94646.9296875
2025-04-28,94978.75,93754.84375
2025-04-29,94284.7890625,94978.75
2025-04-30,94207.3125,94284.7890625
2025-05-01,96492.3359375,94207.3125
2025-05-02,96910.0703125,96492.3359375
2025-05-03,95891.796875,96910.0703125
2025-05-04,94315.9765625,95891.796875
2025-05-05,94748.0546875,94315.9765625
2025-05-06,96802.4765625,94748.0546875
2025-05-07,97032.3203125,96802.4765625
2025-05-08,103241.4609375,97032.3203125
2025-05-09,102970.8515625,103241.4609375
2025-05-10,104696.328125,102970.8515625
2025-05-11,104106.359375,104696.328125
2025-05-12,102812.953125,104106.359375
2025-05-13,104169.8125,102812.953125
2025-05-14,103539.4140625,104169.8125
2025-05-15,103744.640625,103539.4140625
2025-05-16,103489.2890625,103744.640625
2025-05-17,103191.0859375,103489.2890625
2025-05-18,106446.0078125,103191.0859375
2025-05-19,105606.1796875,106446.0078125
2025-05-20,106791.0859375,105606.1796875
2025-05-21,109678.078125,106791.0859375
2025-05-22,111673.28125,109678.078125
2025-05-23,107287.796875,111673.28125
2025-05-24,107791.15625,107287.796875
2025-05-25,109035.390625,107791.15625
2025-05-26,109440.3671875,109035.390625
2025-05-27,108994.640625,109440.3671875
2025-05-28,107802.328125,108994.640625
2025-05-29,105641.7578125,107802.328125
2025-05-30,103998.5703125,105641.7578125
2025-05-31,104638.09375,103998.5703125
2025-06-01,105652.1015625,104638.09375
2025-06-02,105881.53125,105652.1015625
2025-06-03,105432.46875,105881.53125
2025-06-04,104731.984375,105432.46875
2025-06-05,101575.953125,104731.984375
2025-06-06,104390.34375,101575.953125
2025-06-07,105615.625,104390.34375
2025-06-08,105793.6484375,105615.625
2025-06-09,110294.1015625,105793.6484375
2025-06-10,110257.234375,110294.1015625
2025-06-11,108686.625,110257.234375
2025-06-12,105929.0546875,108686.625
2025-06-13,106090.96875,105929.0546875
2025-06-14,105472.40625,106090.96875
2025-06-15,105552.0234375,105472.40625
2025-06-16,106796.7578125,105552.0234375
2025-06-17,104601.1171875,106796.7578125
2025-06-18,104883.328125,104601.1171875
2025-06-19,104684.2890625,104883.328125
2025-06-20,103309.6015625,104684.2890625
2025-06-21,102257.40625,103309.6015625
2025-06-22,100987.140625,102257.40625
2025-06-23,105577.7734375,100987.140625
2025-06-24,106045.6328125,105577.7734375
2025-06-25,107361.2578125,106045.6328125
2025-06-26,106960.0,107361.2578125
2025-06-27,107088.4296875,106960.0
2025-06-28,107327.703125,107088.4296875
2025-06-29,108385.5703125,107327.703125
2025-06-30,107135.3359375,108385.5703125
2025-07-01,105698.28125,107135.3359375
2025-07-02,108859.3203125,105698.28125
2025-07-03,109647.9765625,108859.3203125
2025-07-04,108034.3359375,109647.9765625
2025-07-05,108231.1796875,108034.3359375
2025-07-06,109232.0703125,108231.1796875
2025-07-07,108299.8515625,109232.0703125
2025-07-08,108950.2734375,108299.8515625
2025-07-09,111326.5546875,108950.2734375
2025-07-10,115987.203125,111326.5546875
2025-07-11,117516.9921875,115987.203125
2025-07-12,117435.2265625,117516.9921875
2025-07-13,119116.1171875,117435.2265625
2025-07-14,119849.703125,119116.1171875
2025-07-15,117777.1875,119849.703125
2025-07-16,118738.5078125,117777.1875
2025-07-17,119289.84375,118738.5078125
2025-07-18,118003.2265625,119289.84375
2025-07-19,117939.9765625,118003.2265625
2025-07-20,117300.7890625,117939.9765625
2025-07-21,117439.5390625,117300.7890625
2025-07-22,119995.4140625,117439.5390625
2025-07-23,118754.9609375,119995.4140625
2025-07-24,118368.0,118754.9609375
2025-07-25,117635.8828125,118368.0
2025-07-26,117947.3671875,117635.8828125
2025-07-27,119448.4921875,117947.3671875
2025-07-28,117924.4765625,119448.4921875
2025-07-29,117922.1484375,117924.4765625
2025-07-30,117831.1875,117922.1484375
2025-07-31,115758.203125,117831.1875
2025-08-01,113320.0859375,115758.203125
2025-08-02,112526.9140625,113320.0859375
2025-08-03,114217.671875,112526.9140625
2025-08-04,115071.8828125,114217.671875
2025-08-05,114141.4453125,115071.8828125
2025-08-06,115028.0,114141.4453125
2025-08-07,117496.8984375,115028.0
2025-08-08,116688.7265625,117496.8984375
2025-08-09,116500.359375,116688.7265625
2025-08-10,119306.7578125,116500.359375
2025-08-11,118731.4453125,119306.7578125
2025-08-12,120172.90625,118731.4453125
2025-08-13,123344.0625,120172.90625
2025-08-14,118359.578125,123344.0625
2025-08-15,117398.3515625,118359.578125
2025-08-16,117491.3515625,117398.3515625
2025-08-17,117453.0625,117491.3515625
2025-08-18,116252.3125,117453.0625
2025-08-19,112831.1796875,116252.3125
2025-08-20,114274.7421875,112831.1796875
2025-08-21,112419.03125,114274.7421875
2025-08-22,116874.0859375,112419.03125
2025-08-23,115374.328125,116874.0859375
2025-08-24,113458.4296875,115374.328125
2025-08-25,110124.3515625,113458.4296875
2025-08-26,111802.65625,110124.3515625
2025-08-27,111222.0625,111802.65625
2025-08-28,112544.8046875,111222.0625
2025-08-29,108410.8359375,112544.8046875
2025-08-30,108808.0703125,108410.8359375
2025-08-31,108236.7109375,108808.0703125
2025-09-01,109250.59375,108236.7109375
2025-09-02,111200.5859375,109250.59375
2025-09-03,111723.2109375,111200.5859375
2025-09-04,110723.6015625,111723.2109375
2025-09-05,110650.984375,110723.6015625
2025-09-06,110224.6953125,110650.984375
2025-09-07,111167.6171875,110224.6953125
2025-09-08,112071.4296875,111167.6171875
2025-09-09,111530.546875,112071.4296875
2025-09-10,113955.359375,111530.546875
2025-09-11,115507.5390625,113955.359375
2025-09-12,116101.578125,115507.5390625
2025-09-13,115950.5078125,116101.578125
2025-09-14,115407.65625,115950.5078125
2025-09-15,115407.65625,115407.65625
2025-09-16,115187.15625,115407.65625
