Date,Real,Naive,SNaive7,ARIMA_512,LinearRegression
2024-05-31,67491.4140625,68364.9921875,68526.1015625,68301.03793975693,
2024-06-01,67706.9375,67491.4140625,69265.9453125,68249.55724436424,
2024-06-02,67751.6015625,67706.9375,68518.09375,68243.26551649901,67650.51106358854
2024-06-03,68804.78125,67751.6015625,69394.5546875,68267.83505725014,67689.78737678117
2024-06-04,70567.765625,68804.78125,68296.21875,68266.23511734995,68753.77764078694
2024-06-05,71082.8203125,70567.765625,67578.09375,68264.38204034792,70527.76199257399
2024-06-06,70757.1640625,71082.8203125,68364.9921875,68264.77006617714,71039.71757824461
2024-06-07,69342.5859375,70757.1640625,67491.4140625,68265.60205583952,70718.40253064103
2024-06-08,69305.7734375,69342.5859375,67706.9375,68265.57343096836,69297.28272064443
2024-06-09,69647.9921875,69305.7734375,67751.6015625,68265.52942018604,69260.05261910838
2024-06-10,69512.28125,69647.9921875,68804.78125,68265.5661757763,69596.85324354397
2024-06-11,67332.03125,69512.28125,70567.765625,68265.59787298548,69449.47954680724
2024-06-12,68241.1875,67332.03125,71082.8203125,68265.5991291322,67257.98876684217
2024-06-13,66756.3984375,68241.1875,70757.1640625,68265.59937124216,68172.5346581014
2024-06-14,66011.09375,66756.3984375,69342.5859375,68265.6017798713,66691.27146748231
2024-06-15,66191.0,66011.09375,69305.7734375,68265.60319578223,65943.47250220564
2024-06-16,66639.046875,66191.0,69647.9921875,68265.60342658302,66121.86962352092
2024-06-17,66490.296875,66639.046875,69512.28125,68265.60355925451,66572.4156673239
2024-06-18,65140.74609375,66490.296875,67332.03125,68265.60370893104,66436.9302590369
2024-06-19,64960.296875,65140.74609375,68241.1875,68265.60378403075,65076.682532107596
2024-06-20,64828.65625,64960.296875,66756.3984375,68265.60380642088,64904.97709576622
2024-06-21,64096.19921875,64828.65625,66011.09375,68265.60381947935,64777.5752323748
2024-06-22,64252.578125,64096.19921875,66191.0,68265.60382895236,64041.298318462636
2024-06-23,63180.796875,64252.578125,66639.046875,68265.60383351646,64195.41171961432
2024-06-24,60277.4140625,63180.796875,66490.296875,68265.60383534666,63120.65042699522
2024-06-25,61804.640625,60277.4140625,65140.74609375,68265.60383637802,60215.19029585631
2024-06-26,60811.27734375,61804.640625,64960.296875,68265.60383699792,61749.14863138404
2024-06-27,61604.80078125,60811.27734375,64828.65625,68265.60383729887,60752.983912514275
2024-06-28,60320.13671875,61604.80078125,64096.19921875,68265.60383743774,61554.05036797589
2024-06-29,60887.37890625,60320.13671875,64252.578125,68265.60383751348,60263.694640504465
2024-06-30,62678.29296875,60887.37890625,63180.796875,68265.60383755523,60839.800932839564
2024-07-01,62851.98046875,62678.29296875,60277.4140625,68265.60383757588,62655.65783917522
2024-07-02,62029.015625,62851.98046875,61804.640625,68265.60383758604,62820.30802804113
2024-07-03,60173.921875,62029.015625,60811.27734375,68265.60383759145,62000.62316799336
2024-07-04,56977.703125,60173.921875,61604.80078125,68265.60383759432,60133.71482051148
2024-07-05,56662.375,56977.703125,60320.13671875,68265.60383759576,56933.936151818816
2024-07-06,58303.5390625,56662.375,60887.37890625,68265.60383759649,56613.861372997155
2024-07-07,55849.109375,58303.5390625,62678.29296875,68265.60383759686,58249.68823621822
2024-07-08,56705.09765625,55849.109375,62851.98046875,68265.60383759707,55785.17651120863
2024-07-09,58009.2265625,56705.09765625,62029.015625,68265.60383759717,56649.509644736805
2024-07-10,57742.49609375,58009.2265625,60173.921875,68265.60383759723,57970.16051301146
2024-07-11,57344.9140625,57742.49609375,56977.703125,68265.60383759726,57722.69767829178
2024-07-12,57899.46484375,57344.9140625,56662.375,68265.60383759727,57325.65787750317
2024-07-13,59231.953125,57899.46484375,58303.5390625,68265.60383759727,57871.84347283084
2024-07-14,60787.79296875,59231.953125,55849.109375,68265.60383759727,59224.75348115654
2024-07-15,64870.15234375,60787.79296875,56705.09765625,68265.60383759727,60780.865375358095
2024-07-16,65097.1484375,64870.15234375,58009.2265625,68265.60383759727,64869.90420856165
2024-07-17,64118.79296875,65097.1484375,57742.49609375,68265.60383759727,65099.42036980764
2024-07-18,63974.06640625,64118.79296875,57344.9140625,68265.60383759727,64120.00276422875
2024-07-19,66710.15625,63974.06640625,57899.46484375,68265.60383759727,63971.23424559846
2024-07-20,67163.6484375,66710.15625,59231.953125,68265.60383759727,66708.89726889766
2024-07-21,68154.5234375,67163.6484375,60787.79296875,68265.60383759727,67154.19486128862
2024-07-22,67585.25,68154.5234375,64870.15234375,68265.60383759727,68122.83972238142
2024-07-23,65927.671875,67585.25,65097.1484375,68265.60383759727,67550.04532039861
2024-07-24,65372.1328125,65927.671875,64118.79296875,68265.60383759727,65892.59786565776
2024-07-25,65777.2265625,65372.1328125,63974.06640625,68265.60383759727,65335.942460771155
2024-07-26,67912.0625,65777.2265625,66710.15625,68265.60383759727,65725.18921137562
2024-07-27,67813.3359375,67912.0625,67163.6484375,68265.60383759727,67864.96529939007
2024-07-28,68255.8671875,67813.3359375,68154.5234375,68265.60383759727,67759.60159232892
2024-07-29,66819.9140625,68255.8671875,67585.25,68265.60383759727,68207.35785997985
2024-07-30,66201.015625,66819.9140625,65927.671875,68265.60383759727,66776.6483985042
2024-07-31,64619.25,66201.015625,65372.1328125,68265.60383759727,66159.00369828088
2024-08-01,65357.5,64619.25,65777.2265625,68265.60383759727,64568.88389519779
2024-08-02,61415.06640625,65357.5,67912.0625,68265.60383759727,65296.31420980443
2024-08-03,60680.09375,61415.06640625,67813.3359375,68265.60383759727,61340.07861806882
2024-08-04,58116.9765625,60680.09375,68255.8671875,68265.60383759727,60599.613498361956
2024-08-05,53991.45703125,58116.9765625,66819.9140625,68265.60383759727,58036.211433201235
2024-08-06,56034.31640625,53991.45703125,66201.015625,68265.60383759727,53899.51448946432
2024-08-07,55027.4609375,56034.31640625,64619.25,68265.60383759727,55959.86803873524
2024-08-08,61710.13671875,55027.4609375,65357.5,68265.60383759727,54944.6521748865
2024-08-09,60880.11328125,61710.13671875,61415.06640625,68265.60383759727,61676.75313874921
2024-08-10,60945.8125,60880.11328125,60680.09375,68265.60383759727,60848.34729825681
2024-08-11,58719.484375,60945.8125,58116.9765625,68265.60383759727,60930.52083040288
2024-08-12,59354.515625,58719.484375,53991.45703125,68265.60383759727,58722.175076914566
2024-08-13,60609.56640625,59354.515625,56034.31640625,68265.60383759727,59346.591460882104
2024-08-14,58737.26953125,60609.56640625,55027.4609375,68265.60383759727,60612.612158656426
2024-08-15,57560.09765625,58737.26953125,61710.13671875,68265.60383759727,58691.13790045924
2024-08-16,58894.10546875,57560.09765625,60880.11328125,68265.60383759727,57514.915254528394
2024-08-17,59478.97265625,58894.10546875,60945.8125,68265.60383759727,58853.388739808775
2024-08-18,58483.96484375,59478.97265625,58719.484375,68265.60383759727,59454.49702673096
2024-08-19,59493.453125,58483.96484375,59354.515625,68265.60383759727,58451.825926974154
2024-08-20,59012.79296875,59493.453125,60609.56640625,68265.60383759727,59457.05936814011
2024-08-21,61175.19140625,59012.79296875,58737.26953125,68265.60383759727,58986.49871422705
2024-08-22,60381.9140625,61175.19140625,57560.09765625,68265.60383759727,61164.266222743536
2024-08-23,64094.35546875,60381.9140625,58894.10546875,68265.60383759727,60359.63674937072
2024-08-24,64178.9921875,64094.35546875,59478.97265625,68265.60383759727,64081.9594547496
2024-08-25,64333.54296875,64178.9921875,58483.96484375,68265.60383759727,64173.207932203
2024-08-26,62880.66015625,64333.54296875,59493.453125,68265.60383759727,64321.93054486194
2024-08-27,59504.1328125,62880.66015625,59012.79296875,68265.60383759727,62866.77525510568
2024-08-28,59027.625,59504.1328125,61175.19140625,68265.60383759727,59464.19566694642
2024-08-29,59388.1796875,59027.625,60381.9140625,68265.60383759727,58990.96841995198
2024-08-30,59119.4765625,59388.1796875,64094.35546875,68265.60383759727,59329.32924849913
2024-08-31,58969.8984375,59119.4765625,64178.9921875,68265.60383759727,59059.1067476468
2024-09-01,57325.48828125,58969.8984375,64333.54296875,68265.60383759727,58908.00237235918
2024-09-02,59112.48046875,57325.48828125,62880.66015625,68265.60383759727,57266.77656463808
2024-09-03,57431.0234375,59112.48046875,59504.1328125,68265.60383759727,59081.69397587535
2024-09-04,57971.5390625,57431.0234375,59027.625,68265.60383759727,57397.101702739514
2024-09-05,56160.48828125,57971.5390625,59388.1796875,68265.60383759727,57937.3117121506
2024-09-06,53948.75390625,56160.48828125,59119.4765625,68265.60383759727,56121.33527973852
2024-09-07,54139.6875,53948.75390625,58969.8984375,68265.60383759727,53902.45445976858
2024-09-08,54841.56640625,54139.6875,57325.48828125,68265.60383759727,54104.50189190342
2024-09-09,57019.53515625,54841.56640625,59112.48046875,68265.60383759727,54797.63113373945
2024-09-10,57648.7109375,57019.53515625,57431.0234375,68265.60383759727,56994.21989995508
2024-09-11,57343.171875,57648.7109375,57971.5390625,68265.60383759727,57622.274706966426
2024-09-12,58127.01171875,57343.171875,56160.48828125,68265.60383759727,57327.08808941226
2024-09-13,60571.30078125,58127.01171875,53948.75390625,68265.60383759727,58127.804739382314
2024-09-14,60005.12109375,60571.30078125,54139.6875,68265.60383759727,60579.829347401894
2024-09-15,59182.8359375,60005.12109375,54841.56640625,68265.60383759727,60007.132275336655
2024-09-16,58192.5078125,59182.8359375,57019.53515625,68265.60383759727,59168.04348227663
2024-09-17,60308.5390625,58192.5078125,57648.7109375,68265.60383759727,58170.106281781795
2024-09-18,61649.6796875,60308.5390625,57343.171875,68265.60383759727,60295.816305169385
2024-09-19,62940.45703125,61649.6796875,58127.01171875,68265.60383759727,61636.90025387937
2024-09-20,63192.9765625,62940.45703125,60571.30078125,68265.60383759727,62916.919912838
2024-09-21,63394.83984375,63192.9765625,60005.12109375,68265.60383759727,63173.94952096664
2024-09-22,63648.7109375,63394.83984375,59182.8359375,68265.60383759727,63381.75958549856
2024-09-23,63329.80078125,63648.7109375,58192.5078125,68265.60383759727,63642.83211000216
2024-09-24,64301.96875,63329.80078125,60308.5390625,68265.60383759727,63309.35270333318
2024-09-25,63143.14453125,64301.96875,61649.6796875,68265.60383759727,64276.58399571956
2024-09-26,65181.01953125,63143.14453125,62940.45703125,68265.60383759727,63105.343738770964
2024-09-27,65790.6640625,65181.01953125,63192.9765625,68265.60383759727,65149.07695218381
2024-09-28,65887.6484375,65790.6640625,63394.83984375,68265.60383759727,65759.6739402672
2024-09-29,65635.3046875,65887.6484375,63648.7109375,68265.60383759727,65855.40529793773
2024-09-30,63329.5,65635.3046875,63329.80078125,68265.60383759727,65604.15796381376
2024-10-01,60837.0078125,63329.5,64301.96875,68265.60383759727,63283.75783455248
2024-10-02,60632.78515625,60837.0078125,63143.14453125,68265.60383759727,60789.48398333585
2024-10-03,60759.40234375,60632.78515625,65181.01953125,68265.60383759727,60571.606788810925
2024-10-04,62067.4765625,60759.40234375,65790.6640625,68265.60383759727,60694.8260554602
2024-10-05,62089.94921875,62067.4765625,65887.6484375,68265.60383759727,62007.072894018966
2024-10-06,62818.953125,62089.94921875,65635.3046875,68265.60383759727,62031.22604578463
2024-10-07,62236.66015625,62818.953125,63329.5,68265.60383759727,62777.50189512884
2024-10-08,62131.96875,62236.66015625,60837.0078125,68265.60383759727,62208.8646046025
2024-10-09,60582.1015625,62131.96875,60632.78515625,68265.60383759727,62105.08355603868
2024-10-10,60274.5,60582.1015625,60759.40234375,68265.60383759727,60548.74269561999
2024-10-11,62445.08984375,60274.5,62067.4765625,68265.60383759727,60231.73058362007
2024-10-12,63193.0234375,62445.08984375,62089.94921875,68265.60383759727,62410.121345907246
2024-10-13,62851.375,63193.0234375,62818.953125,68265.60383759727,63156.17473963736
2024-10-14,66046.125,62851.375,62236.66015625,68265.60383759727,62816.96408298434
2024-10-15,67041.109375,66046.125,62131.96875,68265.60383759727,66024.06831837296
2024-10-16,67612.71875,67041.109375,60582.1015625,68265.60383759727,67032.51014569862
2024-10-17,67399.8359375,67612.71875,60274.5,68265.60383759727,67608.15956036704
2024-10-18,68418.7890625,67399.8359375,62445.08984375,68265.60383759727,67380.7499484348
2024-10-19,68362.734375,68418.7890625,63193.0234375,68265.60383759727,68398.69477274157
2024-10-20,69001.703125,68362.734375,62851.375,68265.60383759727,68344.59883535816
2024-10-21,67367.8515625,69001.703125,66046.125,68265.60383759727,68965.67145625663
2024-10-22,67361.40625,67367.8515625,67041.109375,68265.60383759727,67319.53894680274
2024-10-23,66432.1953125,67361.40625,67612.71875,68265.60383759727,67309.44967389961
2024-10-24,68161.0546875,66432.1953125,67399.8359375,68265.60383759727,66378.18662325844
2024-10-25,66642.4140625,68161.0546875,68418.7890625,68265.60383759727,68106.91904968784
2024-10-26,67014.6953125,66642.4140625,68362.734375,68265.60383759727,66583.07600483332
2024-10-27,67929.296875,67014.6953125,69001.703125,68265.60383759727,66952.67260989212
2024-10-28,69907.7578125,67929.296875,67367.8515625,68265.60383759727,67880.96939225035
2024-10-29,72720.4921875,69907.7578125,67361.40625,68265.60383759727,69866.71131071768
2024-10-30,72339.5390625,72720.4921875,66432.1953125,68265.60383759727,72695.62415694335
2024-10-31,70215.1875,72339.5390625,68161.0546875,68265.60383759727,72302.3269471138
2024-11-01,69482.46875,70215.1875,66642.4140625,68265.60383759727,70179.81987920502
2024-11-02,69289.2734375,69482.46875,67014.6953125,68265.60383759727,69442.06185282428
2024-11-03,68741.1171875,69289.2734375,67929.296875,68265.60383759727,69242.36677756303
2024-11-04,67811.5078125,68741.1171875,69907.7578125,68265.60383759727,68679.67367552758
2024-11-05,69359.5625,67811.5078125,72720.4921875,68265.60383759727,67728.84752833859
2024-11-06,75639.078125,69359.5625,72339.5390625,68265.60383759727,69284.98013079798
2024-11-07,75904.859375,75639.078125,70215.1875,68265.60383759727,75600.93048206915
2024-11-08,76545.4765625,75904.859375,69482.46875,68265.60383759727,75872.325140249
2024-11-09,76778.8671875,76545.4765625,69289.2734375,68265.60383759727,76516.51029166735
2024-11-10,80474.1875,76778.8671875,68741.1171875,68265.60383759727,76754.22683735017
2024-11-11,88701.484375,80474.1875,67811.5078125,68265.60383759727,80468.95795931798
2024-11-12,87955.8125,88701.484375,69359.5625,68265.60383759727,88716.55771052408
2024-11-13,90584.1640625,87955.8125,75639.078125,68265.60383759727,87928.38480100056
2024-11-14,87250.4296875,90584.1640625,75904.859375,68265.60383759727,90564.67142507914
2024-11-15,91066.0078125,87250.4296875,76545.4765625,68265.60383759727,87214.67983627507
2024-11-16,90558.4765625,91066.0078125,76778.8671875,68265.60383759727,91042.74281783383
2024-11-17,89845.8515625,90558.4765625,80474.1875,68265.60383759727,90509.94939583118
2024-11-18,90542.640625,89845.8515625,88701.484375,68265.60383759727,89742.60773088082
2024-11-19,92343.7890625,90542.640625,87955.8125,68265.60383759727,90446.66951103334
2024-11-20,94339.4921875,92343.7890625,90584.1640625,68265.60383759727,92237.76217431577
2024-11-21,98504.7265625,94339.4921875,87250.4296875,68265.60383759727,94261.8832630086
2024-11-22,98997.6640625,98504.7265625,91066.0078125,68265.60383759727,98418.19373557036
2024-11-23,97777.28125,98997.6640625,90558.4765625,68265.60383759727,98916.14966098474
2024-11-24,98013.8203125,97777.28125,89845.8515625,68265.60383759727,97695.81438690751
2024-11-25,93102.296875,98013.8203125,90542.640625,68265.60383759727,97928.8058436126
2024-11-26,91985.3203125,93102.296875,92343.7890625,68265.60383759727,92987.90088952817
2024-11-27,95962.53125,91985.3203125,94339.4921875,68265.60383759727,91854.19667659124
2024-11-28,95652.46875,95962.53125,98504.7265625,68265.60383759727,95819.58104132178
2024-11-29,97461.5234375,95652.46875,98997.6640625,68265.60383759727,95505.26177690417
2024-11-30,96449.0546875,97461.5234375,97777.28125,68265.60383759727,97328.66616035835
2024-12-01,97279.7890625,96449.0546875,98013.8203125,68265.60383759727,96310.99413510172
2024-12-02,95865.3046875,97279.7890625,93102.296875,68265.60383759727,97175.87644599767
2024-12-03,96002.1640625,95865.3046875,91985.3203125,68265.60383759727,95763.2903179984
2024-12-04,98768.53125,96002.1640625,95962.53125,68265.60383759727,95875.46026561876
2024-12-05,96593.5703125,98768.53125,95652.46875,68265.60383759727,98653.91477443317
2024-12-06,99920.7109375,96593.5703125,97461.5234375,68265.60383759727,96459.53666885446
2024-12-07,99923.3359375,99920.7109375,96449.0546875,68265.60383759727,99805.26555562553
2024-12-08,101236.015625,99923.3359375,97279.7890625,68265.60383759727,99802.63858082939
2024-12-09,97432.71875,101236.015625,95865.3046875,68265.60383759727,101129.08085618954
2024-12-10,96675.4296875,97432.71875,96002.1640625,68265.60383759727,97310.99903375155
2024-12-11,101173.03125,96675.4296875,98768.53125,68265.60383759727,96533.41747712226
2024-12-12,100043.0,101173.03125,96593.5703125,68265.60383759727,101061.25341074304
2024-12-13,101459.2578125,100043.0,99920.7109375,68265.60383759727,99906.01387738707
2024-12-14,101372.96875,101459.2578125,99923.3359375,68265.60383759727,101327.4378457843
2024-12-15,104298.6953125,101372.96875,101236.015625,68265.60383759727,101232.51895530352
2024-12-16,106029.71875,104298.6953125,97432.71875,68265.60383759727,104193.04093787802
2024-12-17,106140.6015625,106029.71875,96675.4296875,68265.60383759727,105935.19544289737
2024-12-18,100041.5390625,106140.6015625,101173.03125,68265.60383759727,106017.99779484193
2024-12-19,97490.953125,100041.5390625,100043.0,68265.60383759727,99903.77305745266
2024-12-20,97755.9296875,97490.953125,101459.2578125,68265.60383759727,97334.88319384382
2024-12-21,97224.7265625,97755.9296875,101372.96875,68265.60383759727,97601.3759602442
2024-12-22,95104.9375,97224.7265625,104298.6953125,68265.60383759727,97049.6983738697
2024-12-23,94686.2421875,95104.9375,106029.71875,68265.60383759727,94911.18826687628
2024-12-24,98676.09375,94686.2421875,106140.6015625,68265.60383759727,94490.25844999103
2024-12-25,99299.1953125,98676.09375,100041.5390625,68265.60383759727,98533.34016414166
2024-12-26,95795.515625,99299.1953125,97490.953125,68265.60383759727,99174.8764799543
2024-12-27,94164.859375,95795.515625,97755.9296875,68265.60383759727,95656.6968417551
2024-12-28,95163.9296875,94164.859375,97224.7265625,68265.60383759727,94023.43767581368
2024-12-29,93530.2265625,95163.9296875,95104.9375,68265.60383759727,95039.59007889779
2024-12-30,92643.2109375,93530.2265625,94686.2421875,68265.60383759727,93402.56030281531
2024-12-31,93429.203125,92643.2109375,98676.09375,68265.60383759727,92487.02832850604
2025-01-01,94419.7578125,93429.203125,99299.1953125,68265.60383759727,93271.95033944382
2025-01-02,96886.875,94419.7578125,95795.515625,68265.60383759727,94288.32103384435
2025-01-03,98107.4296875,96886.875,94164.859375,68265.60383759727,96774.79461908324
2025-01-04,98236.2265625,98107.4296875,95163.9296875,68265.60383759727,97993.4881527184
2025-01-05,98314.9609375,98236.2265625,93530.2265625,68265.60383759727,98133.10366279277
2025-01-06,102078.0859375,98314.9609375,92643.2109375,68265.60383759727,98217.74421218419
2025-01-07,96922.703125,102078.0859375,93429.203125,68265.60383759727,101989.66213203203
2025-01-08,95043.5234375,96922.703125,94419.7578125,68265.60383759727,96809.13941921407
2025-01-09,92484.0390625,95043.5234375,96886.875,68265.60383759727,94907.45703455218
2025-01-10,94701.453125,92484.0390625,98107.4296875,68265.60383759727,92330.87568483863
2025-01-11,94566.59375,94701.453125,98236.2265625,68265.60383759727,94555.58859823855
2025-01-12,94488.4375,94566.59375,98314.9609375,68265.60383759727,94419.73703067204
2025-01-13,94516.5234375,94488.4375,102078.0859375,68265.60383759727,94317.46045114353
2025-01-14,96534.046875,94516.5234375,96922.703125,68265.60383759727,94378.30156035154
2025-01-15,100504.4921875,96534.046875,95043.5234375,68265.60383759727,96415.11017214772
2025-01-16,99756.90625,100504.4921875,92484.0390625,68265.60383759727,100416.2961695394
2025-01-17,104462.0390625,99756.90625,94701.453125,68265.60383759727,99651.93012348367
2025-01-18,104408.0703125,104462.0390625,94566.59375,68265.60383759727,104375.13547598792
2025-01-19,101089.609375,104408.0703125,94488.4375,68265.60383759727,104321.46424222084
2025-01-20,102016.6640625,101089.609375,94516.5234375,68265.60383759727,100990.68154260037
2025-01-21,106146.265625,102016.6640625,96534.046875,68265.60383759727,101908.35048997139
2025-01-22,103653.0703125,106146.265625,100504.4921875,68265.60383759727,106027.91687750498
2025-01-23,103960.171875,103653.0703125,99756.90625,68265.60383759727,103530.33268877811
2025-01-24,104819.484375,103960.171875,104462.0390625,68265.60383759727,103808.75742098772
2025-01-25,104714.6484375,104819.484375,104408.0703125,68265.60383759727,104671.55638593268
2025-01-26,102682.5,104714.6484375,101089.609375,68265.60383759727,104587.35477318788
2025-01-27,102087.6875,102682.5,102016.6640625,68265.60383759727,102541.89806806315
2025-01-28,101332.4765625,102087.6875,106146.265625,68265.60383759727,101918.7534056374
2025-01-29,103703.2109375,101332.4765625,103653.0703125,68265.60383759727,101176.56980807931
2025-01-30,104735.3046875,103703.2109375,103960.171875,68265.60383759727,103554.03478865235
2025-01-31,102405.0234375,104735.3046875,104819.484375,68265.60383759727,104584.46289091464
2025-02-01,100655.90625,102405.0234375,104714.6484375,68265.60383759727,102246.3179934396
2025-02-02,97688.9765625,100655.90625,102682.5,68265.60383759727,100503.67084595724
2025-02-03,101405.421875,97688.9765625,102087.6875,68265.60383759727,97529.6510423634
2025-02-04,97871.8203125,101405.421875,101332.4765625,68265.60383759727,101264.47989236153
2025-02-05,96615.4453125,97871.8203125,103703.2109375,68265.60383759727,97702.93174691549
2025-02-06,96593.296875,96615.4453125,104735.3046875,68265.60383759727,96435.42213397987
2025-02-07,96529.0859375,96593.296875,102405.0234375,68265.60383759727,96427.95183084278
2025-02-08,96482.453125,96529.0859375,100655.90625,68265.60383759727,96374.58421050172
2025-02-09,96500.09375,96482.453125,97688.9765625,68265.60383759727,96346.57224054897
2025-02-10,97437.5546875,96500.09375,101405.421875,68265.60383759727,96340.73875656849
2025-02-11,95747.4296875,97437.5546875,97871.8203125,68265.60383759727,97304.01091959604
2025-02-12,97885.859375,95747.4296875,96615.4453125,68265.60383759727,95615.65836334748
2025-02-13,96623.8671875,97885.859375,96593.296875,68265.60383759727,97762.05389400508
2025-02-14,97508.96875,96623.8671875,96529.0859375,68265.60383759727,96495.85014795305
2025-02-15,97580.3515625,97508.96875,96482.453125,68265.60383759727,97384.48608695997
2025-02-16,96175.03125,97580.3515625,96500.09375,68265.60383759727,97456.01839462154
2025-02-17,95773.3828125,96175.03125,97437.5546875,68265.60383759727,96039.61777639325
2025-02-18,95539.546875,95773.3828125,95747.4296875,68265.60383759727,95647.20417091221
2025-02-19,96635.609375,95539.546875,97885.859375,68265.60383759727,95398.96844740301
2025-02-20,98333.9375,96635.609375,96623.8671875,68265.60383759727,96507.03499458928
2025-02-21,96125.546875,98333.9375,97508.96875,68265.60383759727,98205.97221118388
2025-02-22,96577.7578125,96125.546875,97580.3515625,68265.60383759727,95989.0478883439
2025-02-23,96273.921875,96577.7578125,96175.03125,68265.60383759727,96451.81449469234
2025-02-24,91418.171875,96273.921875,95773.3828125,68265.60383759727,96149.41057324098
2025-02-25,88736.171875,91418.171875,95539.546875,68265.60383759727,91277.37203824753
2025-02-26,84347.0234375,88736.171875,96635.609375,68265.60383759727,88578.61520876344
2025-02-27,84704.2265625,84347.0234375,98333.9375,68265.60383759727,84162.6481088202
2025-02-28,84373.0078125,84704.2265625,96125.546875,68265.60383759727,84535.14558896286
2025-03-01,86031.9140625,84373.0078125,96577.7578125,68265.60383759727,84199.85060125515
2025-03-02,94248.3515625,86031.9140625,96273.921875,68265.60383759727,85866.75199314072
2025-03-03,86065.671875,94248.3515625,91418.171875,68265.60383759727,94144.01208854649
2025-03-04,87222.1953125,86065.671875,88736.171875,68265.60383759727,85948.37481398498
2025-03-05,90623.5625,87222.1953125,84347.0234375,68265.60383759727,87136.929868761
2025-03-06,89961.7265625,90623.5625,84704.2265625,68265.60383759727,90548.48192684322
2025-03-07,86742.671875,89961.7265625,84373.0078125,68265.60383759727,89886.32183085814
2025-03-08,86154.59375,86742.671875,86031.9140625,68265.60383759727,86644.98011201202
2025-03-09,80601.0390625,86154.59375,94248.3515625,68265.60383759727,86002.70987962565
2025-03-10,78532.0,80601.0390625,86065.671875,68265.60383759727,80480.6582436236
2025-03-11,82862.2109375,78532.0,87222.1953125,68265.60383759727,78396.72253781524
2025-03-12,83722.359375,82862.2109375,90623.5625,68265.60383759727,82721.23677020342
2025-03-13,81066.703125,83722.359375,89961.7265625,68265.60383759727,83588.7247499003
2025-03-14,83969.1015625,81066.703125,86742.671875,68265.60383759727,80943.73851804409
2025-03-15,84343.109375,83969.1015625,86154.59375,68265.60383759727,83860.48293562341
2025-03-16,82579.6875,84343.109375,80601.0390625,68265.60383759727,84271.03369896227
2025-03-17,84075.6875,82579.6875,78532.0,68265.60383759727,82514.26316842994
2025-03-18,82718.5,84075.6875,82862.2109375,68265.60383759727,83988.3117244575
2025-03-19,86854.2265625,82718.5,83722.359375,68265.60383759727,82620.70973062246
2025-03-20,84167.1953125,86854.2265625,81066.703125,68265.60383759727,86788.3909421629
2025-03-21,84043.2421875,84167.1953125,83969.1015625,68265.60383759727,84073.14375085766
2025-03-22,83832.484375,84043.2421875,84343.109375,68265.60383759727,83946.36818593444
2025-03-23,86054.375,83832.484375,82579.6875,68265.60383759727,83746.00800461278
2025-03-24,87498.9140625,86054.375,84075.6875,68265.60383759727,85966.55447607432
2025-03-25,87471.703125,87498.9140625,82718.5,68265.60383759727,87424.9757661734
2025-03-26,86900.8828125,87471.703125,86854.2265625,68265.60383759727,87371.47100505306
2025-03-27,87177.1015625,86900.8828125,84167.1953125,68265.60383759727,86815.58049722727
2025-03-28,84353.1484375,87177.1015625,84043.2421875,68265.60383759727,87093.59514280157
2025-03-29,82597.5859375,84353.1484375,83832.484375,68265.60383759727,84260.64265499497
2025-03-30,82334.5234375,82597.5859375,86054.375,68265.60383759727,82484.5830130037
2025-03-31,82548.9140625,82334.5234375,87498.9140625,68265.60383759727,82211.4086331832
2025-04-01,85169.171875,82548.9140625,87471.703125,68265.60383759727,82426.75616315642
2025-04-02,82485.7109375,85169.171875,86900.8828125,68265.60383759727,85060.21815990697
2025-04-03,83102.828125,82485.7109375,87177.1015625,68265.60383759727,82365.18765018502
2025-04-04,83843.8046875,83102.828125,84353.1484375,68265.60383759727,83002.44910338304
2025-04-05,83504.796875,83843.8046875,82597.5859375,68265.60383759727,83757.25638124395
2025-04-06,78214.484375,83504.796875,82334.5234375,68265.60383759727,83418.6741188034
2025-04-07,79235.3359375,78214.484375,82548.9140625,68265.60383759727,78107.64389628902
2025-04-08,76271.953125,79235.3359375,85169.171875,68265.60383759727,79115.63545870669
2025-04-09,82573.953125,76271.953125,82485.7109375,68265.60383759727,76158.40427850623
2025-04-10,79626.140625,82573.953125,83102.828125,68265.60383759727,82479.55778197407
2025-04-11,83404.8359375,79626.140625,83843.8046875,68265.60383759727,79516.26470435094
2025-04-12,85287.109375,83404.8359375,83504.796875,68265.60383759727,83310.93527260551
2025-04-13,83684.9765625,85287.109375,78214.484375,68265.60383759727,85233.60386043176
2025-04-14,84542.390625,83684.9765625,79235.3359375,68265.60383759727,83619.14234171805
2025-04-15,83668.9921875,84542.390625,76271.953125,68265.60383759727,84498.46313287067
2025-04-16,84033.8671875,83668.9921875,82573.953125,68265.60383759727,83581.95383856377
2025-04-17,84895.75,84033.8671875,79626.140625,68265.60383759727,83966.83450838093
2025-04-18,84450.8046875,84895.75,83404.8359375,68265.60383759727,84807.93843827132
2025-04-19,85063.4140625,84450.8046875,85287.109375,68265.60383759727,84349.44319114131
2025-04-20,85174.3046875,85063.4140625,83684.9765625,68265.60383759727,84974.44175305034
2025-04-21,87518.90625,85174.3046875,84542.390625,68265.60383759727,85080.3076204502
2025-04-22,93441.890625,87518.90625,83668.9921875,68265.60383759727,87439.02102983581
2025-04-23,93699.109375,93441.890625,84033.8671875,68265.60383759727,93381.36951808662
2025-04-24,93943.796875,93699.109375,84895.75,68265.60383759727,93634.0706933413
2025-04-25,94720.5,93943.796875,84450.8046875,68265.60383759727,93882.47175285146
2025-04-26,94646.9296875,94720.5,85063.4140625,68265.60383759727,94658.1371619008
2025-04-27,93754.84375,94646.9296875,85174.3046875,68265.60383759727,94583.59527712414
2025-04-28,94978.75,93754.84375,87518.90625,68265.60383759727,93673.39487358232
2025-04-29,94284.7890625,94978.75,93441.890625,68265.60383759727,94864.26588533552
2025-04-30,94207.3125,94284.7890625,93699.109375,68265.60383759727,94166.13627092233
2025-05-01,96492.3359375,94207.3125,93943.796875,68265.60383759727,94086.82641865472
2025-05-02,96910.0703125,96492.3359375,94720.5,68265.60383759727,96375.29251134294
2025-05-03,95891.796875,96910.0703125,94646.9296875,68265.60383759727,96795.02154986284
2025-05-04,94315.9765625,95891.796875,93754.84375,68265.60383759727,95778.6719108898
2025-05-05,94748.0546875,94315.9765625,94978.75,68265.60383759727,94189.33310514818
2025-05-06,96802.4765625,94748.0546875,94284.7890625,68265.60383759727,94627.38772170153
2025-05-07,97032.3203125,96802.4765625,94207.3125,68265.60383759727,96689.8184430752
2025-05-08,103241.4609375,97032.3203125,96492.3359375,68265.60383759727,96906.0307648482
2025-05-09,102970.8515625,103241.4609375,96910.0703125,68265.60383759727,103135.24789632836
2025-05-10,104696.328125,102970.8515625,95891.796875,68265.60383759727,102870.09761672805
2025-05-11,104106.359375,104696.328125,94315.9765625,68265.60383759727,104611.86923864497
2025-05-12,102812.953125,104106.359375,94748.0546875,68265.60383759727,104017.00487201413
2025-05-13,104169.8125,102812.953125,96802.4765625,68265.60383759727,102705.853424823
2025-05-14,103539.4140625,104169.8125,97032.3203125,68265.60383759727,104066.22246362802
2025-05-15,103744.640625,103539.4140625,103241.4609375,68265.60383759727,103394.19056426536
2025-05-16,103489.2890625,103744.640625,102970.8515625,68265.60383759727,103601.88209650831
2025-05-17,103191.0859375,103489.2890625,104696.328125,68265.60383759727,103334.66751242972
2025-05-18,106446.0078125,103191.0859375,104106.359375,68265.60383759727,103039.10977169003
2025-05-19,105606.1796875,106446.0078125,102812.953125,68265.60383759727,106314.134984505
2025-05-20,106791.0859375,105606.1796875,104169.8125,68265.60383759727,105462.63964394579
2025-05-21,109678.078125,106791.0859375,103539.4140625,68265.60383759727,106655.87477007897
2025-05-22,111673.28125,109678.078125,103744.640625,68265.60383759727,109552.13204422616
2025-05-23,107287.796875,111673.28125,103489.2890625,68265.60383759727,111556.25390319171
2025-05-24,107791.15625,107287.796875,103191.0859375,68265.60383759727,107156.60960494337
2025-05-25,109035.390625,107791.15625,106446.0078125,68265.60383759727,107641.19548203984
2025-05-26,109440.3671875,109035.390625,105606.1796875,68265.60383759727,108895.30229825765
2025-05-27,108994.640625,109440.3671875,106791.0859375,68265.60383759727,109294.25608682768
2025-05-28,107802.328125,108994.640625,109678.078125,68265.60383759727,108828.61319358743
2025-05-29,105641.7578125,107802.328125,111673.28125,68265.60383759727,107619.30051884298
2025-05-30,103998.5703125,105641.7578125,107287.796875,68265.60383759727,105478.59974432195
2025-05-31,104638.09375,103998.5703125,107791.15625,68265.60383759727,103826.21091338544
